ACCOUNT_ID,BALANCE_CENTS
0,6292801
1,4412588
2,7777921
3,3981929
4,2198485
5,15772
6,9482391
7,1824931
8,149098
9,5523349
10,2543534
11,1124082
12,771454
13,809107
14,2424254
15,5844754
16,709219
17,7303146
18,7444231
19,3774798
20,9656729
21,4062283
22,5106317
23,8436459
24,2953735
25,9253333
26,4773149
27,6016430
28,6868115
29,3841584
30,8916144
31,1462987
32,6764430
33,9366866
34,1467018
35,8702838
36,9707584
37,5971402
38,4604876
39,1493968
40,9369391
41,4623668
42,7112356
43,8584045
44,618051
45,8209751
46,7349543
47,6501207
48,4387329
49,8828485
50,9258769
51,739066
52,1136073
53,6301085
54,3523576
55,6556007
56,1500438
57,5996500
58,9674643
59,8441678
60,7742221
61,654414
62,778351
63,4260550
64,4245047
65,5361800
66,8857344
67,8242289
68,8755351
69,8964331
70,4773675
71,6489446
72,7474796
73,6655352
74,6824835
75,8646068
76,7199698
77,3254789
78,6464736
79,3357434
80,408434
81,6129609
82,3863682
83,8989479
84,1184785
85,7637857
86,1618408
87,2310973
88,2467043
89,9488802
90,5775882
91,5701296
92,2978361
93,9204350
94,5998869
95,5097301
96,3101786
97,9183051
98,9071670
99,5226675
100,9178915
101,1333491
102,8362016
103,3507882
104,8199252
105,5769297
106,5936587
107,7479761
108,3179786
109,4530167
110,432724
111,1394886
112,5327338
113,7149553
114,7417463
115,5473439
116,9222782
117,1003775
118,223972
119,1920937
120,6812493
121,3151161
122,4883862
123,6066291
124,193345
125,3148720
126,6374133
127,5329044
128,2517047
129,7517036
130,1971667
131,6248811
132,194582
133,3073508
134,4552443
135,3387537
136,2203305
137,3521642
138,9052081
139,1152773
140,3334788
141,8183725
142,5614693
143,8378035
144,3008945
145,9174659
146,2798632
147,9752179
148,4491466
149,1599489
150,3481583
151,6836984
152,9548353
153,8302915
154,7763534
155,7599036
156,6386624
157,7833470
158,5995655
159,3685179
160,2933742
161,4294762
162,4232385
163,7217129
164,9150440
165,2850285
166,3410373
167,8792196
168,2408180
169,2193242
170,2926586
171,5362359
172,1109520
173,7217956
174,7845311
175,1731599
176,9485643
177,6518709
178,1177656
179,6670389
180,4396027
181,5782279
182,849265
183,615825
184,9460863
185,7614751
186,5318222
187,7585958
188,6778056
189,4355012
190,256106
191,2484239
192,3699569
193,1084512
194,8169991
195,2607301
196,1169635
197,2274661
198,7089711
199,8831166
200,5029221
201,3844739
202,5642010
203,8424596
204,3576800
205,9768042
206,1486140
207,8370239
208,8356562
209,4835379
210,5776445
211,2929657
212,6461543
213,9859470
214,6355654
215,7436256
216,3244655
217,1779734
218,142815
219,7378037
220,9547628
221,8375518
222,6121696
223,8297992
224,2643469
225,5819335
226,1439224
227,3745522
228,8100315
229,9885500
230,7623783
231,6950424
232,8077452
233,805904
234,1946722
235,2309246
236,9502639
237,6813257
238,3992109
239,7134192
240,7134622
241,6592591
242,6725814
243,3858336
244,3031235
245,5658736
246,2048203
247,9331123
248,4691266
249,7219474
250,5898455
251,424552
252,6224300
253,7390260
254,4098470
255,8084952
256,1078235
257,2479658
258,726480
259,3849407
260,8102486
261,7090736
262,3355457
263,2907472
264,7738862
265,7830137
266,8626084
267,4008981
268,9937040
269,5866669
270,5592420
271,1534886
272,3585852
273,8212406
274,2563257
275,4611644
276,4405051
277,9310230
278,8353107
279,5042195
280,3039747
281,7734848
282,4784889
283,1588489
284,1155806
285,8117517
286,2042894
287,4375964
288,3775024
289,43231
290,6597013
291,1372575
292,1952488
293,4448269
294,6036041
295,1269400
296,6289049
297,6310101
298,5513332
299,917441
300,170271
301,947990
302,1809394
303,3541007
304,8318316
305,5723194
306,5452790
307,6925079
308,5434685
309,9262236
310,6421805
311,5523795
312,7008366
313,8944465
314,202987
315,3426888
316,4933317
317,8699069
318,9233150
319,4835413
320,2540508
321,2904265
322,1728673
323,8763631
324,340919
325,4458498
326,8884552
327,711512
328,260228
329,1140522
330,9758778
331,147587
332,3931711
333,3062990
334,2108549
335,9295056
336,5035829
337,2290644
338,6283006
339,3510402
340,8074017
341,8037954
342,3556570
343,1240071
344,1277931
345,8333886
346,4336601
347,1967751
348,2573474
349,3080752
350,3368508
351,9565277
352,1454908
353,6494441
354,2273112
355,8740249
356,5285606
357,6089725
358,7720648
359,6595694
360,2772117
361,836433
362,6635365
363,8573376
364,9635092
365,6838410
366,5756109
367,1782046
368,7443860
369,3015425
370,1088910
371,2762124
372,1487077
373,9167578
374,1328087
375,6375104
376,8134512
377,4323958
378,9524531
379,849730
380,865863
381,9524973
382,66480
383,7806276
384,1417873
385,5916982
386,816591
387,4531698
388,6729844
389,7173334
390,4415715
391,4879287
392,5923757
393,6575256
394,496675
395,9759025
396,6614911
397,9519769
398,503711
399,4622094
400,3785605
401,9424202
402,9209182
403,875190
404,1664015
405,5027385
406,8884289
407,5856838
408,3919376
409,8147237
410,60836
411,3609238
412,2445467
413,492455
414,2061800
415,6831532
416,62779
417,9237143
418,1759104
419,1128865
420,2884589
421,605746
422,4584534
423,5489808
424,8347929
425,2236796
426,9039326
427,5431677
428,288025
429,2644583
430,3672779
431,5791716
432,5124921
433,4118900
434,97488
435,4626047
436,9717744
437,1889669
438,7176246
439,9308970
440,2055203
441,3471338
442,303445
443,6779762
444,3978036
445,4942595
446,9781353
447,1096975
448,5309494
449,8226209
450,8623699
451,5123491
452,944331
453,1465742
454,3907700
455,7319843
456,8365766
457,5696701
458,2178712
459,4314974
460,2229490
461,9857313
462,2166200
463,7744443
464,5801594
465,2722274
466,5327060
467,3338200
468,1835854
469,9418567
470,290569
471,987865
472,8120721
473,1213806
474,8404265
475,5281673
476,3991131
477,5322858
478,2462634
479,2360008
480,5542910
481,4579521
482,1739618
483,1329559
484,5275321
485,5393521
486,7640408
487,4346941
488,7770567
489,9720719
490,7824187
491,3971102
492,1973968
493,6178449
494,8287641
495,1401658
496,2462058
497,3134086
498,2440759
499,3140868
500,2409525
501,7631875
502,7419594
503,1663123
504,3128932
505,2904059
506,427286
507,5941172
508,4293048
509,9169233
510,1014725
511,6125017
512,6602946
513,6325843
514,4860620
515,6450194
516,4204091
517,476943
518,123442
519,121123
520,2343641
521,600920
522,5398201
523,9715817
524,4119055
525,2105524
526,524424
527,7625398
528,2961582
529,5868955
530,2709296
531,5211794
532,4559549
533,8038882
534,5736985
535,4013735
536,9910587
537,5694575
538,3645682
539,1155024
540,2086394
541,9538440
542,5453155
543,4490128
544,7332226
545,5620726
546,2554851
547,209099
548,6568241
549,8229807
550,7486798
551,5525687
552,6123628
553,4037765
554,1969851
555,7724090
556,9391144
557,8177519
558,2463760
559,1283738
560,1085857
561,7363063
562,7510516
563,8318638
564,1899910
565,9846817
566,8303353
567,2410059
568,1480007
569,1598551
570,8554177
571,2839139
572,4979073
573,2496299
574,6082201
575,7477039
576,6183132
577,385456
578,6796059
579,4187407
580,5752702
581,6343620
582,589057
583,3496273
584,3895654
585,8172623
586,1923175
587,7386508
588,2067158
589,3250189
590,1058640
591,4465144
592,927470
593,2261006
594,6327473
595,681178
596,5723907
597,2707983
598,8418543
599,1122293
600,4919730
601,50175
602,2955640
603,9614367
604,1347887
605,8877137
606,3817044
607,5038913
608,5864728
609,8552790
610,1673021
611,6195729
612,9228971
613,3897377
614,5154073
615,7057659
616,9746198
617,1434249
618,8323942
619,5612876
620,8533286
621,5540800
622,3067808
623,9861340
624,2918225
625,8749802
626,6378565
627,2452818
628,6875977
629,9692980
630,9496101
631,1319000
632,724385
633,4820608
634,3659349
635,2970217
636,4593602
637,5034250
638,2908362
639,4849928
640,4435487
641,8956717
642,332655
643,6416927
644,7756618
645,6715109
646,5548136
647,5287189
648,4794505
649,1034705
650,3600773
651,4803346
652,4328185
653,996301
654,9370749
655,6842715
656,9856264
657,5705658
658,8778616
659,2854723
660,1213137
661,4438652
662,5022449
663,9187746
664,6760035
665,7334377
666,8850708
667,913620
668,2181605
669,8663595
670,2821525
671,4222765
672,3067641
673,4506501
674,9847525
675,8510986
676,871357
677,7714234
678,9480560
679,7895743
680,2942888
681,1070129
682,2015675
683,6151011
684,3178510
685,274667
686,9114898
687,6793032
688,5488690
689,7802418
690,3833086
691,3416456
692,1820452
693,5343949
694,1958485
695,6872955
696,1986000
697,3189177
698,4261891
699,3190337
700,2943369
701,8789926
702,9349692
703,4827342
704,8977676
705,5332993
706,3897877
707,6268091
708,8938759
709,2363393
710,9738672
711,5110073
712,4817364
713,9972770
714,5163130
715,3723361
716,6567055
717,9596111
718,2656006
719,2806677
720,5683210
721,6355989
722,2835046
723,754206
724,6989346
725,6481102
726,6755409
727,6984539
728,3742678
729,3225827
730,513765
731,5062594
732,4301593
733,7317168
734,4713099
735,6906900
736,359244
737,898752
738,5342201
739,4104277
740,4745014
741,5753624
742,7268346
743,4669327
744,8612040
745,675607
746,6153309
747,5829180
748,8710703
749,2379045
750,28050
751,1358663
752,1500572
753,4418869
754,5873061
755,6187829
756,1417724
757,1312502
758,8187389
759,2237040
760,3996806
761,4269768
762,2749556
763,8441044
764,4095175
765,9503972
766,290062
767,7798815
768,9207822
769,6356661
770,9864773
771,2682835
772,9284171
773,5835438
774,8889966
775,9712795
776,9232411
777,1257233
778,3139267
779,9076258
780,8871769
781,8635871
782,1520375
783,6025028
784,8227252
785,2719713
786,9685546
787,3921628
788,8907998
789,5708285
790,6265116
791,4402835
792,5105090
793,6130081
794,4490692
795,6186740
796,8529629
797,4243923
798,1578971
799,7420912
800,7540230
801,9754527
802,7658845
803,6041201
804,3731167
805,3397055
806,4429336
807,4679267
808,3046528
809,1260881
810,7109203
811,7603162
812,7186037
813,6652903
814,1476206
815,8434236
816,1999584
817,5204899
818,8327143
819,7866378
820,5570421
821,6784854
822,2798408
823,7939632
824,8493276
825,8123499
826,6435964
827,787423
828,5163096
829,3680668
830,3952614
831,8091920
832,3192951
833,183383
834,3132112
835,7464731
836,6503190
837,7697477
838,8834339
839,9344244
840,2856698
841,7283010
842,8112461
843,5969613
844,3078009
845,1671722
846,3666423
847,9011585
848,580129
849,1596606
850,3828566
851,2175386
852,693221
853,8193599
854,3895498
855,8955702
856,5516083
857,698148
858,441972
859,8642600
860,8970024
861,8484069
862,2327543
863,9711962
864,3150335
865,1203255
866,6594064
867,5823433
868,5437987
869,7164076
870,2437145
871,7205448
872,3446209
873,4540251
874,2264050
875,8504110
876,9824708
877,5053432
878,5587454
879,7305425
880,3390468
881,6625155
882,8613469
883,639233
884,5799956
885,3569204
886,3270177
887,3696612
888,7736891
889,7381208
890,3064160
891,1757653
892,9973111
893,7117274
894,5166679
895,934883
896,9470164
897,2638849
898,691382
899,810320
900,7984055
901,362622
902,4732411
903,8367915
904,4629433
905,1106240
906,9587033
907,9657489
908,3392989
909,1276369
910,7860335
911,6537992
912,8201095
913,1628263
914,3271950
915,241222
916,2781306
917,7414217
918,5772020
919,6627296
920,6734161
921,3024134
922,5537509
923,5054647
924,7480325
925,8613391
926,5676962
927,6865953
928,4447441
929,9276513
930,1360623
931,8596618
932,4437422
933,9370540
934,4039525
935,6924632
936,5737079
937,5444673
938,6523648
939,2068047
940,6901086
941,7954947
942,1878653
943,1606727
944,612317
945,5244044
946,7123242
947,4024102
948,2541601
949,7377037
950,6088809
951,2276019
952,7327164
953,2490513
954,2010301
955,8816259
956,5343227
957,9664074
958,3457812
959,9380506
960,1624383
961,7219984
962,2339077
963,6085147
964,6824165
965,8484314
966,4558428
967,8089372
968,9328996
969,5220512
970,9656678
971,7782420
972,8615285
973,6573552
974,2713689
975,1491790
976,882236
977,6800751
978,9912557
979,5040337
980,6810730
981,1968776
982,8850527
983,4240115
984,1987726
985,9504999
986,4258289
987,2062262
988,7231348
989,6306287
990,1948235
991,6395857
992,4047501
993,7878863
994,3669687
995,118223
996,396374
997,5097031
998,2027802
999,3418594
1000,5726442
1001,2586197
1002,3381663
1003,79645
1004,1293894
1005,6172334
1006,9934122
1007,7462081
1008,2135878
1009,9488534
1010,7712235
1011,5459857
1012,3856072
1013,7943218
1014,1822394
1015,6512442
1016,4039295
1017,1655629
1018,86748
1019,8818782
1020,1598489
1021,5719025
1022,9568932
1023,4828126
1024,3744818
1025,948320
1026,8661439
1027,274764
1028,1685850
1029,8571621
1030,8779440
1031,3178279
1032,3904496
1033,8110840
1034,4716163
1035,2631918
1036,6971484
1037,8732200
1038,5605719
1039,1635569
1040,7325975
1041,6000762
1042,7172413
1043,9933227
1044,1645051
1045,7045468
1046,932062
1047,1866509
1048,5522260
1049,6650564
1050,9481407
1051,985341
1052,772198
1053,5071837
1054,4606957
1055,3911897
1056,2070060
1057,701784
1058,228018
1059,7205455
1060,9856496
1061,1907907
1062,8494731
1063,937753
1064,9012446
1065,4742594
1066,4863718
1067,661921
1068,725940
1069,4337943
1070,7153587
1071,4129916
1072,5638913
1073,4953351
1074,7074487
1075,3499676
1076,1839408
1077,917011
1078,8430483
1079,8613534
1080,5241268
1081,1756939
1082,7508195
1083,9424720
1084,4194073
1085,8844893
1086,6303186
1087,1034914
1088,9867896
1089,8621609
1090,482592
1091,3308864
1092,223880
1093,7847913
1094,1808235
1095,1694594
1096,4862676
1097,81580
1098,6387475
1099,4023024
1100,5278763
1101,4099509
1102,2364295
1103,4971816
1104,2682148
1105,6286234
1106,3236691
1107,9886396
1108,606948
1109,3532139
1110,3498569
1111,6232335
1112,401349
1113,2356941
1114,4698558
1115,68865
1116,8900351
1117,3852356
1118,8956325
1119,4263013
1120,2766909
1121,4056247
1122,8519616
1123,5815960
1124,375541
1125,1018265
1126,35366
1127,9389316
1128,1727454
1129,5134243
1130,7238036
1131,9368523
1132,1594112
1133,1865776
1134,6302285
1135,4112633
1136,3709021
1137,2024342
1138,5857369
1139,6573933
1140,6204041
1141,8744135
1142,3896840
1143,5896869
1144,1046429
1145,6641201
1146,6851701
1147,4543565
1148,6036528
1149,2232555
1150,6675622
1151,60895
1152,9899762
1153,8625233
1154,93666
1155,2378116
1156,7874609
1157,8624395
1158,5385348
1159,4091921
1160,8299920
1161,7506070
1162,5775566
1163,7712543
1164,8548632
1165,1804380
1166,6053634
1167,7971785
1168,7422329
1169,806646
1170,2065983
1171,2272323
1172,1026493
1173,8451323
1174,4033392
1175,9881414
1176,5988605
1177,818010
1178,9176398
1179,4268170
1180,6880767
1181,8005965
1182,8085225
1183,8836704
1184,2542156
1185,2376523
1186,6544427
1187,3036891
1188,7454202
1189,5011867
1190,1614910
1191,5793876
1192,9484215
1193,246815
1194,9586247
1195,4615272
1196,4536344
1197,2634319
1198,5316643
1199,8026509
1200,4147262
1201,9629255
1202,6262481
1203,583937
1204,3172715
1205,1917977
1206,789372
1207,4784893
1208,4757677
1209,3487727
1210,4696880
1211,8731797
1212,7463939
1213,7829982
1214,3608897
1215,5808119
1216,6641558
1217,3066420
1218,4136895
1219,1143615
1220,2853791
1221,740067
1222,4268934
1223,8009502
1224,2486407
1225,883736
1226,16812
1227,358731
1228,5762901
1229,8951730
1230,4491237
1231,5839422
1232,5625958
1233,5085009
1234,4236658
1235,7831446
1236,5861616
1237,7992568
1238,9592714
1239,6562354
1240,653949
1241,6142942
1242,163005
1243,2214587
1244,1018132
1245,4167449
1246,398216
1247,6212368
1248,6380323
1249,9031831
1250,9056346
1251,6441371
1252,6645630
1253,6036769
1254,6803998
1255,8801885
1256,9074772
1257,7716867
1258,5592524
1259,6543259
1260,6975516
1261,631755
1262,7259576
1263,4179700
1264,7606506
1265,1216581
1266,5871538
1267,7442489
1268,3075147
1269,2190003
1270,8204967
1271,4355487
1272,9494847
1273,2316382
1274,9398191
1275,9434412
1276,625058
1277,8081072
1278,6237145
1279,1223411
1280,8522030
1281,8455908
1282,2011568
1283,2328269
1284,760354
1285,4412682
1286,477441
1287,4606432
1288,5385273
1289,6804581
1290,3562699
1291,7803167
1292,8115626
1293,2665042
1294,5437532
1295,384524
1296,2214013
1297,2574898
1298,5942416
1299,2160221
1300,7186363
1301,5669838
1302,9863012
1303,6231748
1304,2008016
1305,5740053
1306,4240324
1307,9935424
1308,4563285
1309,2162626
1310,598476
1311,3184306
1312,6840273
1313,3606991
1314,2786138
1315,7721152
1316,3444234
1317,4882104
1318,3327371
1319,6365406
1320,2854851
1321,3428146
1322,4322036
1323,4749632
1324,7585378
1325,4335019
1326,3013492
1327,1427334
1328,933107
1329,5947262
1330,4752498
1331,4083051
1332,7710566
1333,7638942
1334,9970044
1335,8353703
1336,8824860
1337,7475381
1338,2043957
1339,7208871
1340,5135722
1341,8027621
1342,1289096
1343,6406527
1344,3488152
1345,3235798
1346,2539729
1347,9096172
1348,5843416
1349,266902
1350,3821314
1351,8195134
1352,1187979
1353,9656209
1354,3645885
1355,4147000
1356,2844176
1357,7000436
1358,7471712
1359,1613637
1360,8619509
1361,5152830
1362,2853948
1363,4215698
1364,5910147
1365,7167293
1366,6887256
1367,452138
1368,4761070
1369,4792673
1370,4112933
1371,6355640
1372,2583067
1373,3499255
1374,1685682
1375,7075509
1376,4135954
1377,5187722
1378,300849
1379,7409586
1380,4390100
1381,388894
1382,5308156
1383,7027116
1384,2632838
1385,6068182
1386,8734670
1387,6187861
1388,7142593
1389,1384450
1390,1088135
1391,8675170
1392,4515157
1393,6286737
1394,2922352
1395,9074172
1396,8256625
1397,5250250
1398,5250168
1399,627918
1400,5667288
1401,7744312
1402,9336218
1403,2466000
1404,3255446
1405,7818107
1406,4508002
1407,8005367
1408,9964169
1409,3435172
1410,7447347
1411,487224
1412,7751543
1413,8394755
1414,8654738
1415,5906895
1416,3079441
1417,8474347
1418,4457672
1419,5051899
1420,8235549
1421,8046385
1422,3407693
1423,3609332
1424,6468065
1425,4199648
1426,2250048
1427,6043524
1428,8410107
1429,8190630
1430,3064035
1431,4401127
1432,2294996
1433,2713116
1434,7465097
1435,5284006
1436,9742673
1437,8280806
1438,5001473
1439,761094
1440,1694077
1441,8041562
1442,5788614
1443,2145851
1444,3747551
1445,7333495
1446,5168825
1447,3547973
1448,543642
1449,9112234
1450,9300702
1451,5609699
1452,1694266
1453,6560995
1454,9987630
1455,4500120
1456,9317878
1457,8029933
1458,6669389
1459,9182637
1460,7653780
1461,7029101
1462,593773
1463,2085596
1464,7805669
1465,346184
1466,6574735
1467,8021271
1468,4901544
1469,2031061
1470,709011
1471,7842743
1472,3054902
1473,879908
1474,2282788
1475,19392
1476,1878869
1477,5158546
1478,9684892
1479,5732521
1480,5324935
1481,7780191
1482,6346211
1483,1580933
1484,8217400
1485,9663601
1486,8309872
1487,2445301
1488,7517097
1489,6222616
1490,9382943
1491,2286182
1492,4795583
1493,3651805
1494,8675571
1495,3634194
1496,2163741
1497,2622365
1498,289728
1499,7807755
1500,9174711
1501,6822949
1502,3240845
1503,4793281
1504,146897
1505,5064661
1506,423011
1507,4216605
1508,8068301
1509,4293092
1510,7527232
1511,9644552
1512,1648959
1513,1165526
1514,67341
1515,3050990
1516,6618264
1517,5590861
1518,2728583
1519,9530402
1520,943958
1521,5765634
1522,1902325
1523,5861513
1524,9726104
1525,1761667
1526,6666853
1527,9237689
1528,9363286
1529,5205729
1530,174542
1531,1774502
1532,3660796
1533,6878942
1534,1002373
1535,7565398
1536,8418495
1537,887261
1538,2918009
1539,1463785
1540,4162606
1541,4411726
1542,5932947
1543,5263705
1544,9323102
1545,4951395
1546,539082
1547,6414044
1548,6518788
1549,7196923
1550,7303684
1551,5841411
1552,8036710
1553,1263257
1554,8433552
1555,4946605
1556,223530
1557,4624959
1558,4413887
1559,7013604
1560,6809217
1561,7315615
1562,9638263
1563,3408835
1564,2020656
1565,2725823
1566,9215221
1567,7386676
1568,3626943
1569,5480911
1570,2940666
1571,5924407
1572,5165878
1573,2039708
1574,4482775
1575,30499
1576,4892892
1577,8174302
1578,2700946
1579,4816686
1580,9858123
1581,4278262
1582,323975
1583,3638814
1584,4825497
1585,4172155
1586,9802573
1587,7048876
1588,791595
1589,1210330
1590,3196784
1591,5938483
1592,5693111
1593,1349139
1594,6312610
1595,4101731
1596,5308332
1597,2643126
1598,3429942
1599,8870377
1600,788999
1601,2783569
1602,1535098
1603,5328007
1604,7335084
1605,8564215
1606,6069409
1607,2750587
1608,8806132
1609,4589083
1610,770139
1611,1657298
1612,1922865
1613,2608097
1614,849178
1615,3387950
1616,4815306
1617,5036713
1618,940351
1619,4379385
1620,479775
1621,8947008
1622,2421110
1623,1176403
1624,9126464
1625,6875900
1626,5019518
1627,4197451
1628,3217362
1629,5121942
1630,1407852
1631,1794055
1632,6863349
1633,225450
1634,5920284
1635,9073727
1636,5928323
1637,3350768
1638,6906970
1639,1557013
1640,9541654
1641,1881226
1642,6499412
1643,5215177
1644,7835796
1645,9203312
1646,8186658
1647,5844872
1648,6134510
1649,4457755
1650,3866660
1651,6520816
1652,3663549
1653,5394558
1654,7614450
1655,5900827
1656,229436
1657,5345863
1658,6963817
1659,9076447
1660,7350782
1661,1239152
1662,3502957
1663,4695124
1664,7000756
1665,9615250
1666,2931496
1667,2562460
1668,5088117
1669,8977466
1670,1626220
1671,9408101
1672,3448826
1673,6096897
1674,1415891
1675,4847111
1676,7607024
1677,2354944
1678,4005035
1679,6067990
1680,1651791
1681,7378574
1682,300900
1683,1838899
1684,4453494
1685,2931876
1686,1507263
1687,2342480
1688,5874703
1689,5583646
1690,3894627
1691,4175599
1692,3336314
1693,321624
1694,1751549
1695,297838
1696,5294504
1697,6841406
1698,3429013
1699,2457694
1700,5245476
1701,2577685
1702,4802710
1703,6173091
1704,6673480
1705,4260605
1706,3563785
1707,3202750
1708,2487771
1709,2221838
1710,8293976
1711,2258169
1712,9339502
1713,1301573
1714,6850653
1715,5853743
1716,3965436
1717,6000380
1718,9473075
1719,3677426
1720,8826205
1721,4736224
1722,7902193
1723,8123976
1724,3725995
1725,7616896
1726,3045677
1727,4216624
1728,6752254
1729,6123933
1730,9975107
1731,3245247
1732,3573791
1733,3545542
1734,7049702
1735,1677119
1736,2565843
1737,4597784
1738,8619318
1739,8489237
1740,9832212
1741,542079
1742,7091945
1743,1941269
1744,2333748
1745,2636223
1746,5205751
1747,4856408
1748,9717929
1749,8439419
1750,4134446
1751,2061656
1752,1963918
1753,7100485
1754,2285216
1755,4283650
1756,323172
1757,3706862
1758,6000795
1759,7605972
1760,7438236
1761,3549076
1762,7586259
1763,9141546
1764,3222159
1765,789664
1766,8366760
1767,6556965
1768,4655760
1769,9501590
1770,9163656
1771,2866690
1772,1234644
1773,9705506
1774,2094911
1775,3086405
1776,3118067
1777,1582147
1778,706832
1779,6809356
1780,3278169
1781,9631975
1782,6237105
1783,2863563
1784,414175
1785,7703817
1786,3374589
1787,1099585
1788,2014944
1789,8061446
1790,6306286
1791,4887339
1792,9686452
1793,3657727
1794,4679120
1795,7239782
1796,7114374
1797,6783902
1798,9658374
1799,3167809
1800,847597
1801,9732519
1802,635774
1803,6904273
1804,7457339
1805,3979853
1806,5857756
1807,7416013
1808,4889838
1809,7835195
1810,3181066
1811,134202
1812,3221581
1813,4247938
1814,2713842
1815,79228
1816,7853911
1817,4245402
1818,8710983
1819,2273592
1820,1761477
1821,5119184
1822,6164423
1823,3441409
1824,6865139
1825,3849738
1826,800009
1827,3807569
1828,8579457
1829,1606522
1830,1421851
1831,3747463
1832,7628075
1833,9421275
1834,2329165
1835,1523296
1836,7544542
1837,5266485
1838,5284519
1839,1459797
1840,7479713
1841,2778317
1842,1528993
1843,301719
1844,113961
1845,5832151
1846,7007720
1847,5468483
1848,4120456
1849,4097756
1850,4080327
1851,357915
1852,810446
1853,9924206
1854,2364041
1855,9062724
1856,2708184
1857,6398920
1858,3974559
1859,1962035
1860,5986517
1861,8825447
1862,9783529
1863,8880181
1864,7659523
1865,1215179
1866,1483168
1867,8865111
1868,2803084
1869,4711029
1870,5426308
1871,9272097
1872,2033128
1873,9623752
1874,5621508
1875,2204312
1876,8455449
1877,9034558
1878,3391053
1879,6942750
1880,9375188
1881,9108876
1882,7030418
1883,9452594
1884,1454746
1885,7225256
1886,3265474
1887,4127302
1888,8372845
1889,5589171
1890,5289137
1891,5606788
1892,9576302
1893,9632347
1894,4099708
1895,1311801
1896,1187633
1897,4162827
1898,2128942
1899,8060960
1900,3169647
1901,7358592
1902,9367299
1903,4351075
1904,3265661
1905,7935325
1906,9097334
1907,5778876
1908,2415068
1909,3076639
1910,4494346
1911,6436487
1912,7333585
1913,8016956
1914,4843352
1915,4148383
1916,6901686
1917,8050335
1918,5253762
1919,4770248
1920,8739294
1921,5239958
1922,1570662
1923,4812799
1924,622034
1925,4822058
1926,668308
1927,7789938
1928,7011554
1929,4129690
1930,6088288
1931,1129531
1932,851291
1933,864739
1934,8489091
1935,9366558
1936,1636136
1937,6179187
1938,8766307
1939,4537426
1940,3013481
1941,4872991
1942,113492
1943,7005198
1944,2003625
1945,5149665
1946,2197882
1947,2838970
1948,2908807
1949,4306119
1950,1375570
1951,2703195
1952,2860010
1953,4483579
1954,3877347
1955,4546813
1956,60399
1957,5090081
1958,3329610
1959,544931
1960,8433393
1961,5481059
1962,2501933
1963,2913727
1964,2603178
1965,8762035
1966,4154260
1967,7681728
1968,810073
1969,1533042
1970,8070978
1971,6987005
1972,5034560
1973,3259751
1974,5716975
1975,1695872
1976,2922668
1977,7838742
1978,431397
1979,3939711
1980,981239
1981,7130558
1982,7580011
1983,1213288
1984,5715497
1985,117990
1986,2208619
1987,8419570
1988,9148408
1989,4472623
1990,5973193
1991,2511053
1992,4300367
1993,7469071
1994,4684199
1995,5281184
1996,840669
1997,5407960
1998,6740872
1999,4548491
2000,9522109
2001,4399947
2002,1031432
2003,4999991
2004,1879348
2005,5868696
2006,9672503
2007,2271426
2008,8690141
2009,1336061
2010,3501536
2011,2772760
2012,9120847
2013,8476943
2014,3405105
2015,4487616
2016,1574550
2017,6685562
2018,7751825
2019,1730900
2020,8071249
2021,7870827
2022,3885261
2023,4243997
2024,4617470
2025,2142677
2026,4619414
2027,2090474
2028,8277653
2029,832152
2030,4565462
2031,7913582
2032,5311588
2033,3040924
2034,6765153
2035,2382029
2036,8634755
2037,4728295
2038,5244419
2039,5388631
2040,1337586
2041,5158358
2042,6596080
2043,8601827
2044,3673027
2045,1245321
2046,5751244
2047,8330723
2048,8480914
2049,1108253
2050,3718524
2051,5610437
2052,9641689
2053,983302
2054,8640442
2055,2450311
2056,8368392
2057,4944389
2058,1947532
2059,4640844
2060,8541878
2061,9113476
2062,8266348
2063,8806310
2064,3222573
2065,2752362
2066,1328042
2067,3492853
2068,5458861
2069,5720811
2070,3790282
2071,358521
2072,463779
2073,2761674
2074,6877290
2075,1808557
2076,5497178
2077,2485553
2078,9940757
2079,3604839
2080,8089305
2081,9207325
2082,6839383
2083,2105976
2084,2967870
2085,713431
2086,7204323
2087,8851496
2088,8310490
2089,6031902
2090,6469047
2091,9851249
2092,5366139
2093,6551215
2094,6036541
2095,1945014
2096,6735288
2097,2886218
2098,8295705
2099,6248619
2100,1182802
2101,8122747
2102,4971476
2103,9893299
2104,2224106
2105,97641
2106,9919628
2107,7264252
2108,9968063
2109,9624436
2110,3218893
2111,9043772
2112,1968964
2113,8685310
2114,4947674
2115,9278034
2116,5597216
2117,1045518
2118,8733009
2119,1525160
2120,308993
2121,4185888
2122,6136612
2123,3715826
2124,8500939
2125,8488021
2126,2940188
2127,4023774
2128,6118031
2129,6524087
2130,897197
2131,6589162
2132,7370321
2133,8198157
2134,6084452
2135,8288114
2136,9106777
2137,4716445
2138,8463117
2139,8557286
2140,2832978
2141,7467416
2142,1207218
2143,4235702
2144,5901142
2145,9899142
2146,9462975
2147,6939958
2148,8610559
2149,3982592
2150,9058111
2151,7307572
2152,7503057
2153,9813263
2154,2520684
2155,9301378
2156,5537498
2157,944110
2158,3856485
2159,3147765
2160,9448074
2161,8823926
2162,3938942
2163,1108021
2164,6035196
2165,9812242
2166,8891817
2167,8217519
2168,9249542
2169,442142
2170,1197497
2171,784171
2172,6486565
2173,984103
2174,7792440
2175,2387338
2176,3126604
2177,6908600
2178,5224718
2179,3738270
2180,9570562
2181,770901
2182,3100895
2183,3397473
2184,2229350
2185,1034990
2186,2223668
2187,6398186
2188,5584950
2189,3725174
2190,8607690
2191,1978956
2192,2067336
2193,4679750
2194,8742592
2195,7100689
2196,4572260
2197,8755574
2198,789688
2199,128057
2200,4532083
2201,1274059
2202,5577985
2203,6039835
2204,5083611
2205,6165431
2206,9475861
2207,4823213
2208,8257783
2209,2060670
2210,7144840
2211,6707580
2212,1392981
2213,6358735
2214,6079988
2215,1398176
2216,2727836
2217,409579
2218,5852893
2219,9432884
2220,8577088
2221,6642122
2222,147041
2223,9597564
2224,3682201
2225,1040884
2226,2983827
2227,1353800
2228,6412208
2229,6889996
2230,3648643
2231,5902986
2232,4712948
2233,1581718
2234,4603323
2235,4856310
2236,8920082
2237,4874539
2238,7600923
2239,5755682
2240,1719683
2241,1915265
2242,8938013
2243,999513
2244,1259054
2245,4760861
2246,7216942
2247,4694049
2248,2622961
2249,6723156
2250,249460
2251,6266241
2252,3640972
2253,5221025
2254,366649
2255,9966925
2256,4429775
2257,3658227
2258,6546300
2259,4436426
2260,457500
2261,2286790
2262,891978
2263,3554663
2264,8862217
2265,5989747
2266,179435
2267,7828469
2268,264688
2269,8740943
2270,1232772
2271,4824854
2272,8960231
2273,9832926
2274,5862363
2275,9876931
2276,8571887
2277,2937297
2278,4137709
2279,8411816
2280,2562272
2281,4795297
2282,9223641
2283,1496851
2284,9262594
2285,1735138
2286,8067811
2287,2703877
2288,6643899
2289,7348292
2290,1964670
2291,4350820
2292,3313868
2293,4496885
2294,8827190
2295,2235258
2296,7082121
2297,4730958
2298,8402878
2299,8027880
2300,1859856
2301,8285631
2302,9873575
2303,2682954
2304,9964872
2305,1925415
2306,7490525
2307,8920034
2308,9210728
2309,4214406
2310,8291945
2311,8321438
2312,285290
2313,9480024
2314,9729122
2315,5711557
2316,3739647
2317,6195700
2318,4283122
2319,1666923
2320,6210707
2321,2761741
2322,978339
2323,629342
2324,4891141
2325,989079
2326,1902669
2327,2382179
2328,4079510
2329,8405748
2330,6835139
2331,2652052
2332,9298238
2333,2280226
2334,3468511
2335,3037838
2336,5951457
2337,9889968
2338,3142846
2339,9058213
2340,664640
2341,3688183
2342,8390399
2343,3852037
2344,6493924
2345,8463033
2346,3586684
2347,426
2348,8180849
2349,2632393
2350,4946764
2351,6305672
2352,9638054
2353,3983779
2354,8402484
2355,3981830
2356,1522267
2357,8802056
2358,2554017
2359,1776047
2360,4779165
2361,821117
2362,9768979
2363,2826372
2364,1542000
2365,2651923
2366,7594391
2367,3891178
2368,5937615
2369,2380228
2370,2923679
2371,9477353
2372,9634690
2373,3651993
2374,4388265
2375,5493895
2376,3606837
2377,3674033
2378,2067839
2379,6127805
2380,5899856
2381,5908109
2382,1493365
2383,1142868
2384,8037919
2385,5647085
2386,93284
2387,5574113
2388,2426502
2389,1886901
2390,690594
2391,2012234
2392,5122941
2393,2089034
2394,5640850
2395,4848355
2396,3972798
2397,3935087
2398,8050280
2399,4061702
2400,851757
2401,9210314
2402,8619093
2403,8329524
2404,5139617
2405,3719816
2406,5294447
2407,1492785
2408,9902983
2409,5745090
2410,5874237
2411,1874981
2412,6214401
2413,7751828
2414,1233714
2415,5047020
2416,1448301
2417,9356942
2418,4271640
2419,8194762
2420,2096333
2421,4191506
2422,3326503
2423,551955
2424,3754250
2425,296003
2426,244972
2427,87918
2428,8542955
2429,803547
2430,5846409
2431,6754995
2432,7827597
2433,5628327
2434,3948847
2435,2975328
2436,3000584
2437,6050644
2438,5008076
2439,1360964
2440,919355
2441,937309
2442,9103292
2443,4970792
2444,1428953
2445,3771130
2446,4939377
2447,2523642
2448,4169964
2449,1052884
2450,4778848
2451,359555
2452,3507540
2453,8667941
2454,9031736
2455,2019378
2456,6573026
2457,7307712
2458,7517489
2459,634727
2460,7276154
2461,933937
2462,659137
2463,6305708
2464,2815988
2465,3338451
2466,906248
2467,780896
2468,8048986
2469,8055958
2470,6200412
2471,94457
2472,1451656
2473,7953707
2474,5142023
2475,9935501
2476,2447687
2477,2104107
2478,6679207
2479,4236449
2480,9718744
2481,6858200
2482,937237
2483,5451412
2484,697369
2485,1185859
2486,8966289
2487,2656595
2488,344398
2489,1528793
2490,5039532
2491,2285544
2492,9186927
2493,9617263
2494,510026
2495,6227363
2496,8545811
2497,9037400
2498,8624598
2499,5724652
2500,3532745
2501,1368926
2502,2275332
2503,6326554
2504,511213
2505,1809800
2506,2865348
2507,641325
2508,8962992
2509,4253200
2510,7508009
2511,8162454
2512,4179571
2513,2858656
2514,9629261
2515,7224886
2516,4918911
2517,5142799
2518,9043681
2519,9691201
2520,9898772
2521,158197
2522,5634421
2523,4168922
2524,2603959
2525,7252504
2526,1097430
2527,9923338
2528,9776289
2529,863507
2530,2700346
2531,1512258
2532,2525252
2533,2046598
2534,3624255
2535,9744972
2536,7257497
2537,8296642
2538,6377973
2539,279194
2540,1002370
2541,3294387
2542,8730762
2543,2127348
2544,481816
2545,5113723
2546,9467742
2547,1908036
2548,1069164
2549,9585418
2550,5778580
2551,3175535
2552,6552307
2553,9421678
2554,3130203
2555,4709174
2556,2604193
2557,3623719
2558,7013977
2559,8066454
2560,7313914
2561,7373456
2562,3166283
2563,472316
2564,8240958
2565,4132662
2566,1786159
2567,1125118
2568,2954997
2569,3757901
2570,4085579
2571,1815450
2572,4027313
2573,9064505
2574,8833485
2575,2117864
2576,2505105
2577,3522243
2578,3214643
2579,2995764
2580,9793530
2581,9746975
2582,4441554
2583,1235699
2584,2112946
2585,3805694
2586,1421202
2587,9051174
2588,2851116
2589,3646868
2590,361193
2591,4841904
2592,8065743
2593,4046683
2594,7395351
2595,3325176
2596,4247171
2597,131312
2598,1918070
2599,361948
2600,3226850
2601,5328973
2602,3652211
2603,182941
2604,1476823
2605,2648350
2606,4980506
2607,3701462
2608,7778139
2609,7788624
2610,496700
2611,385441
2612,7735355
2613,1934190
2614,400824
2615,3182289
2616,7588573
2617,3173727
2618,8041554
2619,5623301
2620,147047
2621,9763846
2622,4198475
2623,6219998
2624,3248990
2625,2801273
2626,9939318
2627,6385094
2628,7797940
2629,1092278
2630,7771438
2631,86471
2632,507155
2633,4981480
2634,8505721
2635,5001691
2636,3241763
2637,1621914
2638,9809546
2639,3966404
2640,413932
2641,6763475
2642,8384592
2643,8000343
2644,6756650
2645,6412671
2646,2254306
2647,9310041
2648,6238624
2649,1459724
2650,9097377
2651,6091735
2652,2338931
2653,4783472
2654,7316423
2655,2247586
2656,2335742
2657,5237890
2658,9284830
2659,1084077
2660,5260785
2661,4448759
2662,8367230
2663,3985373
2664,1913976
2665,227067
2666,8251691
2667,4429555
2668,7577667
2669,6140401
2670,4354683
2671,1629148
2672,2007310
2673,1923901
2674,9500015
2675,8577574
2676,9119363
2677,2983766
2678,8799294
2679,5451682
2680,1640871
2681,396353
2682,1641714
2683,4702775
2684,9125643
2685,9025831
2686,1443960
2687,857111
2688,2948506
2689,4589279
2690,5409680
2691,2017080
2692,3652180
2693,7663011
2694,9817159
2695,398762
2696,3713016
2697,6188615
2698,3973972
2699,9592127
2700,233084
2701,6172645
2702,5552477
2703,1862845
2704,3764406
2705,6520153
2706,2373136
2707,5032528
2708,8751168
2709,9926860
2710,4979109
2711,4504514
2712,9506411
2713,195332
2714,6119705
2715,3641870
2716,5580014
2717,4474273
2718,9274929
2719,1353261
2720,8064464
2721,7265285
2722,9365428
2723,1338770
2724,7822172
2725,2584855
2726,1469944
2727,4486629
2728,3527847
2729,7359741
2730,9882974
2731,6263746
2732,8092941
2733,2108647
2734,6770207
2735,9610190
2736,509696
2737,3729603
2738,1525397
2739,3556085
2740,7166788
2741,9335569
2742,1507263
2743,7751167
2744,4461678
2745,1482902
2746,7827041
2747,8382596
2748,2221061
2749,7066547
2750,5063105
2751,8982689
2752,4562247
2753,4928264
2754,4487929
2755,8284981
2756,5133407
2757,3317766
2758,861017
2759,7111066
2760,9933715
2761,6735399
2762,3583316
2763,7958353
2764,1370877
2765,7919767
2766,7766102
2767,8522307
2768,580690
2769,9603936
2770,9140448
2771,8066782
2772,7221953
2773,8468374
2774,1877741
2775,3011079
2776,9592657
2777,31660
2778,1716334
2779,5830197
2780,6515102
2781,4182765
2782,2016556
2783,5420086
2784,8906695
2785,934149
2786,7223791
2787,3781240
2788,888034
2789,9373705
2790,9891221
2791,6521614
2792,6533565
2793,7603726
2794,5612280
2795,2682823
2796,6724102
2797,7798423
2798,2030774
2799,1433967
2800,8251629
2801,8639716
2802,558864
2803,7159678
2804,6450125
2805,9844911
2806,2348926
2807,175932
2808,5308015
2809,4611593
2810,998213
2811,1422862
2812,9646187
2813,7845750
2814,7043324
2815,1923199
2816,4156839
2817,1552740
2818,1917940
2819,307883
2820,7240022
2821,6682612
2822,4637116
2823,4787699
2824,7506520
2825,3073701
2826,4205766
2827,5565456
2828,3425479
2829,465682
2830,6500395
2831,1791858
2832,4734536
2833,9946829
2834,1753598
2835,7313079
2836,6298608
2837,6463610
2838,1331287
2839,2472173
2840,1596625
2841,7905127
2842,3261599
2843,5318575
2844,1643071
2845,3976723
2846,5641784
2847,4974514
2848,8283798
2849,4489962
2850,5203147
2851,6296388
2852,6098475
2853,5280518
2854,8338642
2855,9508904
2856,9644810
2857,7452680
2858,3434192
2859,6187548
2860,9960933
2861,7950896
2862,1920085
2863,1357981
2864,9051557
2865,5883433
2866,573145
2867,9658865
2868,6937808
2869,5428720
2870,87035
2871,7223579
2872,4895407
2873,3996710
2874,2418720
2875,3955222
2876,4953657
2877,5434176
2878,8091255
2879,1743206
2880,6555283
2881,8753298
2882,7931687
2883,4320182
2884,2333401
2885,3061852
2886,6162058
2887,1934904
2888,2523279
2889,2082299
2890,3007760
2891,9560958
2892,4384167
2893,9059637
2894,6852148
2895,952888
2896,5262532
2897,4844383
2898,995701
2899,289838
2900,9643711
2901,2308057
2902,3857956
2903,8682536
2904,4572032
2905,51467
2906,576953
2907,8324407
2908,2336972
2909,6773388
2910,6344956
2911,7674222
2912,6158306
2913,8496530
2914,3386161
2915,3766270
2916,3882197
2917,4984514
2918,4283604
2919,2202329
2920,631678
2921,8402150
2922,4419428
2923,875168
2924,1101357
2925,4368487
2926,4317891
2927,5507387
2928,7818607
2929,5552750
2930,5439793
2931,1853788
2932,9718696
2933,6345677
2934,6781103
2935,838659
2936,346123
2937,4427763
2938,3966436
2939,774830
2940,7898946
2941,2025923
2942,2853906
2943,1383269
2944,6824423
2945,6507188
2946,3654453
2947,6159908
2948,7181282
2949,1078508
2950,940932
2951,7944388
2952,1511598
2953,3651376
2954,5698358
2955,5710194
2956,472924
2957,1273503
2958,3907239
2959,584072
2960,2961480
2961,5728720
2962,6589525
2963,7702931
2964,8933253
2965,9469782
2966,4329620
2967,7561271
2968,3725324
2969,8444620
2970,556582
2971,688311
2972,9208400
2973,9456821
2974,3082404
2975,4763663
2976,7341670
2977,2847219
2978,9152142
2979,6167476
2980,9071168
2981,7419027
2982,2299995
2983,696003
2984,1276824
2985,5244577
2986,3611877
2987,2893051
2988,6893833
2989,7792845
2990,9791910
2991,7796730
2992,8564036
2993,7009790
2994,8407539
2995,8848502
2996,9031168
2997,2019524
2998,927640
2999,9301439
3000,6034419
3001,2258357
3002,5762291
3003,1528895
3004,8148103
3005,8958464
3006,4332116
3007,1996760
3008,6144467
3009,5282485
3010,2282466
3011,6079903
3012,8664966
3013,1763609
3014,2995665
3015,8825630
3016,5506872
3017,4003011
3018,2329430
3019,4573514
3020,5623569
3021,8849300
3022,3936496
3023,4705791
3024,465975
3025,2022961
3026,2140588
3027,4512487
3028,8930981
3029,7462183
3030,5194182
3031,8420246
3032,6885908
3033,633540
3034,6560619
3035,4790511
3036,7182383
3037,8801780
3038,3434682
3039,6782466
3040,8056904
3041,4243737
3042,5555650
3043,3271629
3044,2341979
3045,4516131
3046,2521536
3047,9325155
3048,295619
3049,9621497
3050,511015
3051,1979797
3052,7041576
3053,4099
3054,8817305
3055,5084851
3056,1708935
3057,77739
3058,1539385
3059,1938340
3060,8295328
3061,8660283
3062,1266423
3063,2933551
3064,5885751
3065,5275599
3066,4501204
3067,4154706
3068,2357242
3069,9566228
3070,5604038
3071,58132
3072,2329007
3073,903379
3074,9017066
3075,9648103
3076,2870777
3077,3335385
3078,5104097
3079,1430835
3080,5579570
3081,9967330
3082,6838001
3083,4168618
3084,3564355
3085,2525197
3086,1040738
3087,5343386
3088,7487118
3089,8783427
3090,5743174
3091,591290
3092,9286132
3093,9422243
3094,3578684
3095,9593225
3096,784132
3097,3848621
3098,6343748
3099,6465100
3100,336486
3101,6348673
3102,8840366
3103,6687944
3104,7223734
3105,2403534
3106,4703519
3107,1476473
3108,986757
3109,4484176
3110,3495454
3111,8654937
3112,2000521
3113,3391883
3114,9529439
3115,5969600
3116,6928925
3117,1051063
3118,6079003
3119,9433138
3120,6150628
3121,1653322
3122,7261962
3123,1485017
3124,5015473
3125,7652744
3126,7385528
3127,1610776
3128,1864098
3129,4985308
3130,7472104
3131,4241715
3132,3414194
3133,4057944
3134,5792770
3135,8983039
3136,296815
3137,4129169
3138,7150916
3139,7826623
3140,3217227
3141,2511652
3142,5282273
3143,5904128
3144,2827246
3145,4253775
3146,4195478
3147,9891559
3148,5770685
3149,1302262
3150,9484395
3151,1033877
3152,2758880
3153,5937640
3154,9876239
3155,5727383
3156,7912842
3157,297386
3158,2589992
3159,7218193
3160,7593349
3161,4284485
3162,3476664
3163,7808362
3164,5663708
3165,948329
3166,5589786
3167,9455912
3168,9173224
3169,2970413
3170,2992333
3171,2057135
3172,499611
3173,2057491
3174,4952371
3175,776402
3176,2281121
3177,8914328
3178,7146089
3179,8531396
3180,7739972
3181,3982545
3182,5748425
3183,3747672
3184,3250792
3185,7795166
3186,2322396
3187,5320245
3188,5677726
3189,6738333
3190,3488989
3191,4193406
3192,8976399
3193,202515
3194,7000447
3195,406649
3196,9422652
3197,7075594
3198,7176438
3199,3926857
3200,4299637
3201,3711664
3202,9830765
3203,3563284
3204,6923231
3205,346641
3206,6683986
3207,9238329
3208,9928379
3209,7633170
3210,1735917
3211,6466848
3212,9165599
3213,1814432
3214,9053453
3215,141451
3216,6484807
3217,7609383
3218,3845477
3219,5519861
3220,8098543
3221,879908
3222,6682516
3223,9251574
3224,859865
3225,5931093
3226,1044895
3227,9713971
3228,1686728
3229,2260003
3230,357675
3231,804700
3232,4206837
3233,5336884
3234,403711
3235,4928141
3236,3962634
3237,8872922
3238,351316
3239,8824121
3240,9337590
3241,5316982
3242,3756456
3243,9034299
3244,9138771
3245,8542407
3246,4027108
3247,9639200
3248,7124883
3249,5402868
3250,3432552
3251,5538739
3252,3529258
3253,7430420
3254,9055456
3255,5947791
3256,5742242
3257,4100116
3258,3624080
3259,5569993
3260,2909705
3261,3892619
3262,4043088
3263,7149496
3264,2751980
3265,3651052
3266,564846
3267,4999035
3268,7657901
3269,3142333
3270,9164382
3271,8429919
3272,1037820
3273,1539925
3274,1462124
3275,4735694
3276,3530433
3277,9517250
3278,1514685
3279,8952333
3280,6305322
3281,3457510
3282,3950184
3283,8301864
3284,2145212
3285,7778102
3286,2361389
3287,7739738
3288,8377229
3289,1579396
3290,4299230
3291,9005724
3292,4503539
3293,5876331
3294,789708
3295,7653857
3296,697097
3297,2439879
3298,4683040
3299,5300736
3300,7534745
3301,7652975
3302,3633203
3303,3865235
3304,5969868
3305,7745474
3306,8315025
3307,3089653
3308,8423666
3309,4704855
3310,9544222
3311,1042077
3312,3312846
3313,9833657
3314,9368902
3315,1259343
3316,9613292
3317,2158288
3318,5786477
3319,7717255
3320,2597505
3321,7645733
3322,6242312
3323,8910977
3324,216262
3325,761269
3326,1350562
3327,2983943
3328,8600263
3329,741762
3330,3490339
3331,7378599
3332,2621509
3333,2136490
3334,3307232
3335,6747659
3336,5175930
3337,7679352
3338,9432546
3339,5526131
3340,7414555
3341,1895363
3342,9548164
3343,3705870
3344,8813583
3345,7647186
3346,9193699
3347,9411103
3348,9244839
3349,7859412
3350,174425
3351,1606232
3352,9513165
3353,9654994
3354,3230408
3355,7033310
3356,8813924
3357,8985341
3358,209290
3359,2283487
3360,5696803
3361,4648109
3362,6343992
3363,3343776
3364,3794118
3365,3674690
3366,3362319
3367,1848553
3368,8435933
3369,5375844
3370,2379196
3371,3688456
3372,3049552
3373,3019606
3374,3848173
3375,3758759
3376,6224163
3377,1128511
3378,7420171
3379,4397591
3380,8370573
3381,5939800
3382,8746764
3383,4615801
3384,191397
3385,9193485
3386,3247137
3387,6889718
3388,1954784
3389,9862962
3390,3000983
3391,8559296
3392,5480768
3393,4378510
3394,7124565
3395,1814259
3396,8470460
3397,5215620
3398,3737850
3399,8972881
3400,6480521
3401,1467835
3402,3852122
3403,4950457
3404,7549491
3405,7117111
3406,6922942
3407,8930364
3408,6731749
3409,1154667
3410,8776912
3411,7448054
3412,4497805
3413,144306
3414,4381191
3415,8245954
3416,3019221
3417,5264985
3418,5929113
3419,3616768
3420,9008035
3421,9063274
3422,3873366
3423,1581564
3424,9214968
3425,6522377
3426,9341025
3427,845465
3428,7295697
3429,6726462
3430,3919560
3431,1483599
3432,8220096
3433,7046376
3434,6494156
3435,1898746
3436,9748249
3437,7565919
3438,1407918
3439,8721815
3440,760432
3441,8706241
3442,9171445
3443,6605638
3444,4775567
3445,228969
3446,8688083
3447,9549469
3448,9938165
3449,5107595
3450,1886629
3451,4711439
3452,4460708
3453,1653293
3454,7546279
3455,3084971
3456,5743467
3457,4798162
3458,6100305
3459,2786948
3460,3151201
3461,2381591
3462,1567534
3463,4516659
3464,8487690
3465,6988879
3466,7493459
3467,430178
3468,4917458
3469,1272217
3470,8061817
3471,349529
3472,7486714
3473,8636816
3474,4598543
3475,7054519
3476,5346146
3477,9142614
3478,1436746
3479,4662291
3480,6634101
3481,8590271
3482,7828268
3483,3174863
3484,2778025
3485,1496631
3486,5577654
3487,2959709
3488,6291998
3489,573094
3490,4239390
3491,7457095
3492,2678881
3493,5130887
3494,6137752
3495,2365841
3496,648942
3497,3503488
3498,4907069
3499,4542690
3500,5240752
3501,2657942
3502,4658863
3503,6024238
3504,8984647
3505,9558115
3506,7934563
3507,8452629
3508,4069208
3509,464472
3510,782791
3511,5232486
3512,2108613
3513,1657110
3514,6719431
3515,5187952
3516,2822550
3517,9533931
3518,1186213
3519,4914990
3520,166204
3521,7124718
3522,7490844
3523,1065957
3524,3371498
3525,7021706
3526,3321127
3527,1324423
3528,4771797
3529,2870010
3530,3550335
3531,3755108
3532,3633307
3533,4580547
3534,6688500
3535,6594697
3536,7637209
3537,7400158
3538,1995759
3539,829891
3540,1673161
3541,7067000
3542,4725012
3543,6111569
3544,6610918
3545,5787160
3546,9141482
3547,1084432
3548,2952438
3549,1433138
3550,6444117
3551,5044203
3552,2007119
3553,4314404
3554,1375604
3555,4108926
3556,4641002
3557,9698994
3558,858404
3559,8392948
3560,9323590
3561,7296417
3562,4576180
3563,4226077
3564,7730712
3565,4991904
3566,7163396
3567,1970180
3568,3732257
3569,7054886
3570,6531734
3571,9011981
3572,9464431
3573,6303605
3574,7418906
3575,2063357
3576,9321931
3577,7110376
3578,4445412
3579,7339051
3580,5781492
3581,8063940
3582,118120
3583,1144013
3584,8381836
3585,301962
3586,157463
3587,5821487
3588,2591474
3589,4781180
3590,1917460
3591,4440837
3592,5986917
3593,4681605
3594,5794754
3595,4466719
3596,6340321
3597,3805261
3598,2813092
3599,2051118
3600,5573158
3601,4703488
3602,1201361
3603,4336391
3604,6802396
3605,8806381
3606,8644953
3607,2143486
3608,5266295
3609,5294861
3610,470465
3611,5592780
3612,4490445
3613,8820517
3614,1636993
3615,1306221
3616,424594
3617,2380745
3618,106810
3619,8606970
3620,7461017
3621,9376094
3622,260876
3623,8687639
3624,3149487
3625,8355014
3626,129657
3627,7812446
3628,6849536
3629,4246787
3630,7522057
3631,7986349
3632,2898492
3633,1141299
3634,8028295
3635,8800353
3636,4536921
3637,9720254
3638,7716187
3639,7335018
3640,5100103
3641,5564561
3642,590816
3643,1471095
3644,4162576
3645,555163
3646,3084415
3647,9070370
3648,3011881
3649,2957312
3650,8230079
3651,2279162
3652,2103340
3653,1359732
3654,2846815
3655,165897
3656,55264
3657,857136
3658,8713351
3659,6746294
3660,2170184
3661,5353147
3662,6041014
3663,2375381
3664,2798204
3665,1950591
3666,1615672
3667,7788475
3668,9282519
3669,5164880
3670,2176498
3671,9665948
3672,2521989
3673,592985
3674,7420971
3675,1391570
3676,905543
3677,6630017
3678,9321856
3679,8188836
3680,9907821
3681,5253369
3682,5573368
3683,9956124
3684,517207
3685,2076573
3686,6454190
3687,1880080
3688,5418690
3689,2837856
3690,2840716
3691,4295129
3692,4703368
3693,9551643
3694,6029688
3695,8372413
3696,66212
3697,8907819
3698,8875195
3699,6053539
3700,6206329
3701,1352407
3702,7387531
3703,2220431
3704,4273568
3705,5492867
3706,4480544
3707,9798364
3708,8007068
3709,2377914
3710,6441624
3711,6601139
3712,1869479
3713,3187214
3714,4843197
3715,6862928
3716,9088004
3717,1349799
3718,3774484
3719,2443689
3720,1374049
3721,3838997
3722,2616565
3723,2564815
3724,3638419
3725,6669696
3726,7752976
3727,2505337
3728,9882350
3729,9215954
3730,8436335
3731,6320009
3732,3985769
3733,1803856
3734,5127220
3735,5383061
3736,5513133
3737,990925
3738,286568
3739,5956539
3740,1817127
3741,6355390
3742,9364480
3743,642448
3744,1355310
3745,2342274
3746,3592078
3747,8360072
3748,3857741
3749,8295794
3750,3775751
3751,2451320
3752,5524282
3753,6324660
3754,4383340
3755,6998421
3756,2603107
3757,9334755
3758,5129484
3759,4636938
3760,4993240
3761,5820658
3762,5064613
3763,1264210
3764,7751232
3765,7283963
3766,4131914
3767,6796732
3768,7831519
3769,6288109
3770,9850899
3771,5244178
3772,7537354
3773,8160926
3774,4042122
3775,7863391
3776,5752367
3777,2748074
3778,9277043
3779,6023276
3780,9992997
3781,2973153
3782,1957063
3783,2851546
3784,2336970
3785,3762574
3786,4042780
3787,4034026
3788,4668559
3789,2613148
3790,7523753
3791,171605
3792,7445173
3793,8990630
3794,5174570
3795,6260821
3796,9568549
3797,4845439
3798,4095961
3799,8476117
3800,2992581
3801,4308757
3802,1298293
3803,4901553
3804,8419426
3805,1973275
3806,3735183
3807,7989902
3808,5475609
3809,5632552
3810,5618900
3811,7372865
3812,1404318
3813,3525804
3814,4461135
3815,6702875
3816,9939662
3817,7570205
3818,8395884
3819,3578328
3820,9585114
3821,551089
3822,6389522
3823,437181
3824,5594536
3825,2699073
3826,4146592
3827,6377873
3828,3896955
3829,4996912
3830,537141
3831,6557423
3832,9060343
3833,77853
3834,4923531
3835,5502936
3836,6166119
3837,5078012
3838,1218476
3839,9200446
3840,1258681
3841,7255066
3842,6749780
3843,4800082
3844,6427430
3845,240015
3846,9711139
3847,6217366
3848,7386412
3849,1829677
3850,8884074
3851,3859399
3852,2149484
3853,8852125
3854,3732423
3855,1039014
3856,5366259
3857,9629062
3858,5084757
3859,4261322
3860,3483234
3861,8382100
3862,4863914
3863,7015348
3864,1465366
3865,4239018
3866,5237093
3867,2579982
3868,3325502
3869,4875887
3870,2032448
3871,9645222
3872,2396318
3873,5087954
3874,3327220
3875,2866428
3876,2560758
3877,5539747
3878,3075289
3879,5901341
3880,1480193
3881,183076
3882,1663973
3883,1312136
3884,4569042
3885,8901030
3886,1353460
3887,2042846
3888,7667287
3889,2261136
3890,7195676
3891,340227
3892,2315764
3893,2920287
3894,3177851
3895,1492910
3896,6041291
3897,1488612
3898,6565056
3899,9948574
3900,9619318
3901,5343295
3902,2188048
3903,9248514
3904,3563055
3905,2360933
3906,5422351
3907,2106388
3908,6950215
3909,7350746
3910,7304743
3911,2248814
3912,6825383
3913,1524120
3914,6311685
3915,1679460
3916,5848291
3917,7570653
3918,9155328
3919,1650806
3920,7922209
3921,323756
3922,3527772
3923,8192032
3924,8990774
3925,7506195
3926,5676828
3927,3569212
3928,6848337
3929,7778320
3930,7469043
3931,8861787
3932,1769121
3933,30760
3934,3336861
3935,7574818
3936,7117707
3937,5104117
3938,8485105
3939,2842135
3940,1680650
3941,5507461
3942,1309970
3943,1802222
3944,6110157
3945,528877
3946,7778414
3947,4540152
3948,1501486
3949,9620998
3950,1788776
3951,3885069
3952,623626
3953,8590709
3954,2041261
3955,1306004
3956,8503972
3957,4954338
3958,4613302
3959,8197273
3960,4555754
3961,2169858
3962,3826084
3963,2595183
3964,4908703
3965,2857503
3966,9997624
3967,7946619
3968,8223849
3969,6817988
3970,9238769
3971,2511555
3972,6357798
3973,2598656
3974,3731392
3975,5461313
3976,2952960
3977,3928587
3978,3265396
3979,3127663
3980,6923871
3981,2176481
3982,6410184
3983,8032760
3984,3587919
3985,2895641
3986,2263972
3987,7515399
3988,1643023
3989,1724820
3990,3442999
3991,4590378
3992,7311076
3993,1233791
3994,8080441
3995,9413521
3996,5751537
3997,9413394
3998,7847923
3999,4241248
4000,9091611
4001,7873605
4002,21169
4003,5921142
4004,6523657
4005,2552880
4006,454270
4007,7802388
4008,7824272
4009,7322639
4010,7509226
4011,7121132
4012,1654537
4013,1006804
4014,9907239
4015,7973191
4016,4099642
4017,723018
4018,8669765
4019,2589433
4020,2115480
4021,4842947
4022,745498
4023,2184876
4024,1700505
4025,3184294
4026,1332920
4027,2531973
4028,1689704
4029,3862090
4030,95763
4031,2946308
4032,4506262
4033,1570258
4034,7073643
4035,7402416
4036,8583904
4037,2534244
4038,5888469
4039,6421456
4040,2620458
4041,59640
4042,491807
4043,4064328
4044,5580195
4045,172441
4046,1330090
4047,929804
4048,8712457
4049,1421960
4050,3960280
4051,3173170
4052,1686187
4053,2675051
4054,9357415
4055,9495617
4056,4171997
4057,5385945
4058,4556878
4059,5724415
4060,7758785
4061,3896118
4062,5521613
4063,3072101
4064,2907594
4065,1973362
4066,5571838
4067,2897011
4068,4335494
4069,430405
4070,3507305
4071,5650858
4072,5778572
4073,5729688
4074,503226
4075,4165592
4076,9335226
4077,315387
4078,9039759
4079,5198361
4080,9752107
4081,5182492
4082,5477078
4083,5408020
4084,8689510
4085,4906432
4086,951431
4087,9973522
4088,7265862
4089,2298028
4090,6481855
4091,8116331
4092,6369105
4093,3336041
4094,6061474
4095,1879711
4096,8931343
4097,6683666
4098,6930733
4099,4521551
4100,9423431
4101,6740885
4102,5114104
4103,8475459
4104,4878159
4105,3669626
4106,9310046
4107,8014944
4108,364419
4109,3440309
4110,5750373
4111,9725508
4112,5038180
4113,8828093
4114,6689087
4115,2419826
4116,9794737
4117,1508374
4118,2660030
4119,9485422
4120,9995353
4121,6098946
4122,7898140
4123,946387
4124,8885896
4125,6614968
4126,5046693
4127,1740157
4128,5739585
4129,7222308
4130,8993198
4131,3987127
4132,4524661
4133,5758322
4134,2125240
4135,1228215
4136,8396748
4137,5994705
4138,4503149
4139,4832676
4140,9056933
4141,1488285
4142,9195569
4143,6840537
4144,114990
4145,930927
4146,8828655
4147,3647254
4148,6111280
4149,7560312
4150,1165598
4151,1278430
4152,4127060
4153,6108196
4154,7386636
4155,3656166
4156,8670752
4157,4761224
4158,6899234
4159,744573
4160,6089623
4161,7463797
4162,6032205
4163,3333990
4164,2796305
4165,5214527
4166,4936164
4167,8150533
4168,7691257
4169,6361477
4170,3582014
4171,4547563
4172,8647403
4173,7378210
4174,363185
4175,1030881
4176,6733631
4177,9317738
4178,8469971
4179,8492681
4180,1219503
4181,83086
4182,5150828
4183,467051
4184,4584340
4185,8804836
4186,7997865
4187,185177
4188,3568495
4189,2650628
4190,2352238
4191,1937901
4192,7292740
4193,6816171
4194,8473325
4195,9990803
4196,9759611
4197,1255455
4198,6106613
4199,8592541
4200,2442638
4201,2875719
4202,407209
4203,1213767
4204,99449
4205,9843649
4206,2866221
4207,4353890
4208,8635509
4209,5653434
4210,7698328
4211,7827644
4212,6815521
4213,3471069
4214,2190995
4215,6786905
4216,4596517
4217,3159693
4218,8705642
4219,8122547
4220,7306787
4221,1246877
4222,4931155
4223,4015654
4224,3945060
4225,7572325
4226,4347733
4227,3790734
4228,5390921
4229,1156517
4230,7110409
4231,5794164
4232,9764142
4233,3394671
4234,1832916
4235,3152484
4236,3416427
4237,783718
4238,8067261
4239,3839050
4240,7688325
4241,8082588
4242,754748
4243,620167
4244,7585238
4245,5279275
4246,5226951
4247,2521396
4248,2518864
4249,7498820
4250,7766732
4251,3648742
4252,5011974
4253,7792510
4254,4545317
4255,1963578
4256,1524589
4257,6630558
4258,1267584
4259,1001703
4260,6612199
4261,4630939
4262,8140886
4263,6437508
4264,6568754
4265,6581395
4266,2909265
4267,1303625
4268,6381524
4269,1443569
4270,4847398
4271,8025841
4272,1574650
4273,8518960
4274,8348246
4275,2615000
4276,8015284
4277,4355979
4278,392206
4279,6457016
4280,7628730
4281,3007776
4282,4402530
4283,949152
4284,4963946
4285,8382350
4286,8778197
4287,2206250
4288,1401110
4289,3769396
4290,7673894
4291,8690019
4292,8237903
4293,7996581
4294,6161035
4295,3480615
4296,570284
4297,8756264
4298,9104175
4299,8865170
4300,2666680
4301,8107891
4302,9571399
4303,4509837
4304,1575141
4305,4400897
4306,1277212
4307,2040137
4308,9485230
4309,267467
4310,416194
4311,6056535
4312,3146290
4313,6734189
4314,7859804
4315,8246125
4316,8186368
4317,4122697
4318,5837522
4319,6766695
4320,2568933
4321,8179470
4322,2101153
4323,5415818
4324,1943145
4325,746201
4326,272704
4327,4041314
4328,3531455
4329,9370739
4330,8506156
4331,9903959
4332,1013470
4333,5496071
4334,8010415
4335,158097
4336,59143
4337,42250
4338,1397434
4339,2301434
4340,6330797
4341,4058923
4342,3405247
4343,8478875
4344,4218644
4345,1635858
4346,9825176
4347,226523
4348,3753620
4349,7685749
4350,1776544
4351,2294045
4352,689261
4353,3372595
4354,79210
4355,6294383
4356,7381961
4357,7080586
4358,8425062
4359,2861864
4360,5757693
4361,6939559
4362,2079502
4363,8410633
4364,8303293
4365,1265356
4366,105565
4367,7593746
4368,9148437
4369,5716254
4370,489808
4371,1052130
4372,9164469
4373,9561517
4374,3568415
4375,9707473
4376,2278098
4377,513525
4378,3437630
4379,3329720
4380,3271201
4381,5731164
4382,6890792
4383,7759048
4384,9009794
4385,5981697
4386,638019
4387,923144
4388,5954077
4389,7606695
4390,1520919
4391,5771418
4392,7664312
4393,4753606
4394,6907527
4395,4593275
4396,3564813
4397,9595943
4398,7249795
4399,2173249
4400,4411703
4401,6380998
4402,2467578
4403,8699102
4404,3903360
4405,1553456
4406,7398655
4407,7568309
4408,8773882
4409,327050
4410,4021900
4411,9252413
4412,3891481
4413,9922553
4414,4378314
4415,1573212
4416,6362404
4417,1729772
4418,9971690
4419,3725764
4420,5167396
4421,8380340
4422,9686583
4423,3139248
4424,9794088
4425,4198341
4426,6070941
4427,2713639
4428,9793222
4429,8362266
4430,4868370
4431,1581282
4432,1405432
4433,4944779
4434,5152196
4435,1935278
4436,5159573
4437,4026658
4438,8547102
4439,4849453
4440,3629711
4441,4439315
4442,2323107
4443,6233357
4444,2746872
4445,331885
4446,9740445
4447,8850670
4448,2239914
4449,324782
4450,584186
4451,4955950
4452,5729455
4453,5382832
4454,1230222
4455,4406847
4456,561091
4457,3218648
4458,4147211
4459,3873438
4460,3260956
4461,1921521
4462,3827745
4463,5202219
4464,6156130
4465,7028332
4466,3008529
4467,9795877
4468,1367737
4469,9708421
4470,1383313
4471,7873068
4472,5231608
4473,5936276
4474,5389006
4475,2236077
4476,9458472
4477,6394951
4478,975746
4479,6180529
4480,4954504
4481,693248
4482,1463104
4483,7323343
4484,8417841
4485,635751
4486,7576909
4487,2181150
4488,2427014
4489,9478440
4490,9587335
4491,4368961
4492,2328479
4493,3261359
4494,4285339
4495,4842717
4496,4590244
4497,8911765
4498,1197801
4499,5212440
4500,9368704
4501,7976735
4502,3391330
4503,7649991
4504,4695961
4505,1711952
4506,9340340
4507,1909064
4508,85053
4509,6738298
4510,1446867
4511,1850881
4512,243230
4513,2245024
4514,9648782
4515,468820
4516,9419293
4517,9662758
4518,8781797
4519,8767931
4520,9945766
4521,8687398
4522,5240545
4523,1393635
4524,8745314
4525,365794
4526,2573914
4527,7894337
4528,142440
4529,2938962
4530,9906013
4531,6180822
4532,3476488
4533,5071236
4534,8734147
4535,9794000
4536,3264579
4537,3558607
4538,5883479
4539,4707079
4540,3110445
4541,1966971
4542,4964713
4543,3374902
4544,7948325
4545,3533078
4546,6005944
4547,2333813
4548,6312073
4549,4801153
4550,6354526
4551,2258727
4552,270258
4553,9554674
4554,3522573
4555,6054141
4556,5880815
4557,1416403
4558,1728351
4559,4437441
4560,6650198
4561,5121643
4562,4121824
4563,3205332
4564,2165426
4565,3188191
4566,596983
4567,2474527
4568,4382120
4569,162056
4570,6056562
4571,9221660
4572,4345779
4573,2924908
4574,2219165
4575,800753
4576,9901446
4577,90214
4578,5204960
4579,3411663
4580,7484236
4581,7806845
4582,1179380
4583,9601761
4584,4619323
4585,3639165
4586,8652994
4587,5541680
4588,5876369
4589,3477593
4590,4391044
4591,9726277
4592,8504761
4593,1271051
4594,4091229
4595,7969645
4596,4503863
4597,944441
4598,1969437
4599,112443
4600,7604869
4601,5198831
4602,1700914
4603,5715990
4604,1409590
4605,7747750
4606,5612779
4607,8198827
4608,1983640
4609,2598936
4610,7294431
4611,3286157
4612,8534484
4613,2201593
4614,9779783
4615,8728534
4616,9052715
4617,3396671
4618,1760418
4619,6802
4620,8126842
4621,9806310
4622,3554780
4623,9210998
4624,6303233
4625,2946706
4626,8577621
4627,3057246
4628,280804
4629,8773913
4630,5861523
4631,9185490
4632,6944008
4633,9551317
4634,9403579
4635,1082063
4636,8567086
4637,6789155
4638,1947571
4639,2986123
4640,2805852
4641,4874215
4642,3586176
4643,7904859
4644,5931075
4645,9541656
4646,1170004
4647,874226
4648,5342171
4649,4050029
4650,3405947
4651,3090602
4652,9089122
4653,9252336
4654,1582111
4655,5269860
4656,4602703
4657,517598
4658,5432167
4659,877896
4660,8822582
4661,8029115
4662,9324770
4663,6390877
4664,4691252
4665,1914101
4666,1092325
4667,6004139
4668,4212196
4669,4627854
4670,7930105
4671,5513755
4672,1611920
4673,6737196
4674,7250126
4675,9008419
4676,9021824
4677,1217411
4678,5329274
4679,4876584
4680,1805269
4681,9468647
4682,9392198
4683,4229138
4684,9180817
4685,996329
4686,3002399
4687,4625515
4688,2111139
4689,8250964
4690,6843442
4691,9129041
4692,7585313
4693,6961261
4694,9223719
4695,9762078
4696,9776501
4697,7234000
4698,3609692
4699,8866315
4700,4905663
4701,1875025
4702,2174217
4703,9035661
4704,4521888
4705,4913541
4706,4027093
4707,1072578
4708,8326276
4709,9495432
4710,339745
4711,5726853
4712,6586003
4713,2817292
4714,7806695
4715,5815114
4716,5620981
4717,3507581
4718,4547986
4719,178669
4720,3157975
4721,354272
4722,1744703
4723,2447845
4724,3162737
4725,5744158
4726,4732970
4727,1556219
4728,8396063
4729,3840852
4730,1065822
4731,4367614
4732,4529191
4733,4991644
4734,383831
4735,5193838
4736,84508
4737,7764433
4738,2213779
4739,2622307
4740,7686887
4741,6432011
4742,7322507
4743,3851886
4744,4599786
4745,7299327
4746,9553407
4747,3708879
4748,8179407
4749,2702129
4750,482533
4751,7009165
4752,9071112
4753,9188835
4754,4500814
4755,9228257
4756,5858291
4757,9261597
4758,2129839
4759,7253603
4760,1758665
4761,1834576
4762,4728617
4763,6422357
4764,1424116
4765,6084199
4766,9018450
4767,7657956
4768,4447901
4769,1006404
4770,88588
4771,6689101
4772,8219187
4773,3315744
4774,8886466
4775,3381000
4776,2915927
4777,7487067
4778,7034597
4779,4390593
4780,5958373
4781,4981480
4782,7275417
4783,1918352
4784,4286398
4785,2283325
4786,9046022
4787,4339036
4788,9402388
4789,6250717
4790,6965097
4791,1724084
4792,4754152
4793,7340769
4794,2353881
4795,5707387
4796,9467099
4797,7732054
4798,1214858
4799,9425491
4800,1498647
4801,3740322
4802,9097495
4803,1289626
4804,5725608
4805,8153678
4806,3719917
4807,9145764
4808,9920187
4809,4658918
4810,6332557
4811,321051
4812,3269061
4813,4489709
4814,1033932
4815,7000980
4816,9306329
4817,3698807
4818,5180721
4819,2397894
4820,5200306
4821,6172795
4822,3285497
4823,8371468
4824,9192692
4825,3933323
4826,3982868
4827,9622237
4828,9553248
4829,3039841
4830,1368585
4831,7704451
4832,831528
4833,4150182
4834,4859043
4835,9989395
4836,8427616
4837,9199189
4838,6154417
4839,9915427
4840,55040
4841,5891444
4842,592200
4843,7158302
4844,4049737
4845,5513083
4846,1873338
4847,328629
4848,542277
4849,4576524
4850,5097552
4851,2802509
4852,7256846
4853,8201952
4854,8944337
4855,5006721
4856,5463702
4857,5802461
4858,9883793
4859,4133113
4860,4169317
4861,1569533
4862,1491666
4863,9133436
4864,4958948
4865,6582058
4866,7793817
4867,3180810
4868,7210399
4869,4070714
4870,5786281
4871,1327615
4872,8825958
4873,6858021
4874,5235488
4875,4810912
4876,4695637
4877,8210337
4878,3432775
4879,9474201
4880,580091
4881,5580511
4882,1979606
4883,1495783
4884,9255354
4885,7905359
4886,947292
4887,8524191
4888,9933414
4889,2070629
4890,1718137
4891,5757884
4892,7440278
4893,359148
4894,2834469
4895,7180269
4896,2020902
4897,9013138
4898,6216097
4899,7199386
4900,1279558
4901,6143833
4902,6824385
4903,3559359
4904,6049347
4905,3995310
4906,6468882
4907,3005243
4908,8611367
4909,6680544
4910,7895080
4911,8267218
4912,1593483
4913,5325405
4914,2731621
4915,9371464
4916,7982619
4917,1483500
4918,7689764
4919,4056141
4920,8792985
4921,5339629
4922,923750
4923,1241814
4924,4806981
4925,8362689
4926,7596628
4927,4317745
4928,9971926
4929,660378
4930,3989630
4931,3489523
4932,1160123
4933,8701732
4934,6373756
4935,7986451
4936,1422402
4937,8001530
4938,8111682
4939,7341745
4940,7985973
4941,1383437
4942,4775351
4943,1926943
4944,2960561
4945,7759301
4946,4423322
4947,2837335
4948,2649803
4949,5719943
4950,7181378
4951,2949793
4952,3640354
4953,8549922
4954,1987869
4955,5909300
4956,7172228
4957,4627204
4958,6336370
4959,4113428
4960,1400400
4961,1660119
4962,3569203
4963,358400
4964,7592832
4965,411255
4966,8121821
4967,8336395
4968,9930697
4969,6942512
4970,9356501
4971,1723774
4972,3711924
4973,4567285
4974,4831043
4975,6402361
4976,6432281
4977,3110974
4978,6354668
4979,4622866
4980,149323
4981,9904194
4982,3818764
4983,1453302
4984,9457951
4985,2839285
4986,4176853
4987,7766302
4988,4802991
4989,5753366
4990,2521494
4991,8261443
4992,707502
4993,5223509
4994,701828
4995,499929
4996,5122035
4997,16138
4998,4407439
4999,9278897
5000,2673060
5001,7280473
5002,1634031
5003,8926784
5004,6851563
5005,8899739
5006,6423616
5007,227818
5008,1198465
5009,8468303
5010,5259236
5011,3755607
5012,6631074
5013,7556773
5014,5537951
5015,8652078
5016,6857074
5017,9998253
5018,8868482
5019,863549
5020,6937929
5021,2017480
5022,4782822
5023,2573551
5024,7096583
5025,5837151
5026,9236108
5027,7139088
5028,2931303
5029,8451371
5030,7210068
5031,860747
5032,9003515
5033,4663012
5034,2871991
5035,1498084
5036,8143709
5037,8852422
5038,7237403
5039,2013902
5040,8266580
5041,1949293
5042,9390481
5043,1997000
5044,8539477
5045,4341706
5046,8020039
5047,7843312
5048,3708087
5049,3250062
5050,7985970
5051,7068864
5052,2151979
5053,6573627
5054,3299249
5055,7986815
5056,2187153
5057,9994160
5058,8802812
5059,7308444
5060,9917143
5061,8136143
5062,9585696
5063,8275309
5064,259644
5065,3708186
5066,9897759
5067,8467976
5068,1538597
5069,6956364
5070,1241304
5071,3828580
5072,5680311
5073,989868
5074,1978110
5075,4081466
5076,9863870
5077,2187524
5078,5341152
5079,812418
5080,4278105
5081,801816
5082,884311
5083,5289069
5084,3455913
5085,9520399
5086,6560050
5087,1152638
5088,7116789
5089,2923611
5090,1816769
5091,8445000
5092,5201606
5093,7437285
5094,1276219
5095,9487839
5096,6260095
5097,2297990
5098,7633612
5099,7340272
5100,4330244
5101,4357883
5102,5275301
5103,3949402
5104,3333756
5105,4798895
5106,8389626
5107,6513903
5108,5688637
5109,3951092
5110,8303812
5111,9527103
5112,3665646
5113,4951898
5114,2442967
5115,6377997
5116,4496673
5117,6392525
5118,5197080
5119,9210508
5120,2741475
5121,7092431
5122,9864743
5123,2355181
5124,8914582
5125,5711071
5126,9674783
5127,5888343
5128,8776310
5129,358265
5130,49686
5131,2810389
5132,9552818
5133,9986919
5134,5139763
5135,6807113
5136,5553648
5137,4255536
5138,6014082
5139,4843092
5140,9947085
5141,6826548
5142,3477603
5143,5985088
5144,8158335
5145,7007696
5146,3354885
5147,6032200
5148,5043853
5149,2054837
5150,8688343
5151,9977422
5152,3181731
5153,957810
5154,4271739
5155,3487198
5156,1686478
5157,4359568
5158,7681337
5159,7398714
5160,5588716
5161,8047958
5162,6132210
5163,8593080
5164,6036109
5165,5879898
5166,7382205
5167,1504788
5168,2356584
5169,3006788
5170,7602873
5171,1199777
5172,7254887
5173,3466810
5174,5303625
5175,3144567
5176,1709333
5177,4428604
5178,2690973
5179,5177690
5180,1523556
5181,1526056
5182,7155494
5183,8392796
5184,2886507
5185,6424672
5186,6866276
5187,1555581
5188,9679338
5189,1526006
5190,5495454
5191,1896664
5192,5861542
5193,3106440
5194,4747330
5195,8687968
5196,6986301
5197,7830
5198,5313571
5199,3553970
5200,8869881
5201,1673686
5202,5774824
5203,6093348
5204,6818422
5205,50533
5206,3549405
5207,5146079
5208,1701765
5209,329410
5210,7555909
5211,2809123
5212,379678
5213,1401316
5214,2113483
5215,1411430
5216,5204958
5217,5852789
5218,108296
5219,3915006
5220,5477480
5221,5844224
5222,8538794
5223,8156422
5224,1076443
5225,9411516
5226,1979725
5227,4371283
5228,7633588
5229,4316096
5230,9734961
5231,9647184
5232,9069657
5233,5956143
5234,8887591
5235,5270783
5236,1730938
5237,6082010
5238,52043
5239,2046323
5240,5428996
5241,218644
5242,3248064
5243,7482114
5244,3251676
5245,7126565
5246,9902284
5247,1088479
5248,5372438
5249,8553497
5250,4015974
5251,1207367
5252,6801550
5253,7858731
5254,7459638
5255,2325148
5256,1070181
5257,3916925
5258,7229027
5259,2504463
5260,4387290
5261,6877928
5262,6854255
5263,5211888
5264,1285932
5265,2485638
5266,5305689
5267,7784211
5268,1493288
5269,7392949
5270,3594672
5271,2134932
5272,7891023
5273,3412774
5274,4036236
5275,9909991
5276,8344676
5277,8542518
5278,379320
5279,2367100
5280,9569205
5281,1486078
5282,2505223
5283,7526724
5284,2109952
5285,451443
5286,5725536
5287,5807033
5288,6536625
5289,2872373
5290,7764918
5291,2059577
5292,2807293
5293,5955347
5294,8777859
5295,5319268
5296,3413914
5297,7300393
5298,2991802
5299,1321883
5300,1487180
5301,5434324
5302,3787096
5303,1244232
5304,3066488
5305,2367530
5306,134566
5307,1267258
5308,1595239
5309,7589747
5310,9681993
5311,4824783
5312,818140
5313,337172
5314,5612496
5315,9687804
5316,3120882
5317,2776440
5318,2258922
5319,6695849
5320,8579333
5321,310311
5322,7910736
5323,6137914
5324,3780883
5325,3417143
5326,5141535
5327,9739155
5328,9167861
5329,5842335
5330,1208499
5331,5764366
5332,9331770
5333,7043620
5334,5508033
5335,4350971
5336,7396690
5337,4869570
5338,537701
5339,9993311
5340,4309415
5341,5668932
5342,4846825
5343,2978351
5344,3160023
5345,732878
5346,8138121
5347,7035867
5348,1696680
5349,8972974
5350,8267614
5351,2335689
5352,1278601
5353,3595521
5354,4627638
5355,7017921
5356,8134063
5357,2278151
5358,2922413
5359,5808252
5360,1705499
5361,3304471
5362,1364317
5363,3225675
5364,1720150
5365,1150801
5366,2087010
5367,8215826
5368,9474198
5369,9314860
5370,7987347
5371,338048
5372,3346662
5373,965154
5374,472755
5375,9913758
5376,1887446
5377,1806905
5378,3027345
5379,4115831
5380,5828326
5381,1568404
5382,1781264
5383,3330420
5384,9720515
5385,2601717
5386,237922
5387,5498460
5388,3199032
5389,5731362
5390,9392990
5391,1791916
5392,505690
5393,9514653
5394,8433043
5395,2016486
5396,151162
5397,8089443
5398,2713396
5399,1478152
5400,3332342
5401,4620759
5402,4050726
5403,9762660
5404,8024411
5405,9314602
5406,1333094
5407,9766627
5408,2619857
5409,6418595
5410,419983
5411,7052170
5412,1303976
5413,4612719
5414,7256240
5415,7452235
5416,7815755
5417,530204
5418,3082352
5419,4573855
5420,1532857
5421,1946836
5422,5069286
5423,9536605
5424,6904537
5425,4917035
5426,6288816
5427,9586166
5428,5881642
5429,6358239
5430,9642284
5431,3826112
5432,8038138
5433,6524278
5434,8846487
5435,9127123
5436,7537759
5437,85347
5438,8805905
5439,3202761
5440,951519
5441,4863159
5442,1317621
5443,1093853
5444,2174107
5445,8653545
5446,5616210
5447,789803
5448,1383381
5449,5811397
5450,3842291
5451,2561513
5452,4639997
5453,6438639
5454,4681211
5455,824938
5456,8146908
5457,3468317
5458,5913027
5459,7317267
5460,4072091
5461,6800085
5462,7712454
5463,9788169
5464,1140968
5465,4595027
5466,6898983
5467,293524
5468,3874515
5469,400721
5470,8230364
5471,1212114
5472,6492427
5473,9715846
5474,9301138
5475,2180545
5476,9524311
5477,445387
5478,7288798
5479,1774198
5480,5963617
5481,2880435
5482,7560441
5483,7625844
5484,8390132
5485,6520297
5486,4901900
5487,6774274
5488,8081732
5489,9822806
5490,7691661
5491,3494042
5492,4069975
5493,7848226
5494,6109910
5495,9715888
5496,6371418
5497,6111336
5498,3931138
5499,8406249
5500,2688597
5501,7687434
5502,6483480
5503,5695729
5504,1109851
5505,2149219
5506,1083271
5507,1784457
5508,5049119
5509,8423309
5510,4747599
5511,2625467
5512,8761844
5513,7381163
5514,5845249
5515,4119180
5516,3112137
5517,9917994
5518,2101353
5519,4019522
5520,7630466
5521,5449713
5522,8342760
5523,5445437
5524,8942225
5525,3242611
5526,8030751
5527,3436370
5528,3847005
5529,857153
5530,7709932
5531,8530742
5532,4229822
5533,2568410
5534,9837590
5535,2125931
5536,8624968
5537,4455715
5538,3181354
5539,6812236
5540,2539753
5541,2508893
5542,8842544
5543,9004915
5544,715863
5545,9012959
5546,3933230
5547,8287730
5548,4990114
5549,3285085
5550,9109820
5551,7613583
5552,1587861
5553,8354644
5554,9120022
5555,5203428
5556,8033673
5557,6829426
5558,6882071
5559,1347871
5560,6758943
5561,5339637
5562,644488
5563,8452832
5564,1296486
5565,8129047
5566,8779118
5567,5731026
5568,5790217
5569,2610080
5570,1435627
5571,1341212
5572,1668296
5573,5919575
5574,9566248
5575,8283067
5576,2712715
5577,5912855
5578,9571531
5579,1275959
5580,6284640
5581,2198471
5582,2295706
5583,3596796
5584,2077876
5585,9237199
5586,917354
5587,4479359
5588,9740759
5589,267471
5590,5545359
5591,573045
5592,5866056
5593,3428623
5594,1586340
5595,1949320
5596,6534067
5597,3689712
5598,8297978
5599,256172
5600,6858828
5601,3005268
5602,4257740
5603,4467155
5604,6402684
5605,8913356
5606,910117
5607,4609964
5608,640331
5609,3215842
5610,9733089
5611,4093972
5612,5783444
5613,3743516
5614,1230884
5615,5693881
5616,7228714
5617,634256
5618,7463314
5619,3782254
5620,8250666
5621,5130000
5622,6337036
5623,752912
5624,7648915
5625,6784711
5626,2647380
5627,112176
5628,3723518
5629,7729637
5630,7340504
5631,3834580
5632,8473720
5633,7033523
5634,51298
5635,3179489
5636,8211309
5637,6320893
5638,6989716
5639,8381736
5640,5698443
5641,3490823
5642,5160903
5643,7501114
5644,1560963
5645,8963285
5646,3296126
5647,5486080
5648,4794965
5649,6611405
5650,3295256
5651,3717963
5652,7186217
5653,2344405
5654,4589817
5655,3056285
5656,1612977
5657,967418
5658,4421016
5659,87543
5660,9634887
5661,712596
5662,3155469
5663,2728274
5664,7653624
5665,6227173
5666,413657
5667,4360400
5668,9402846
5669,9597014
5670,4351883
5671,8680886
5672,8860073
5673,7592617
5674,6362224
5675,57230
5676,5369397
5677,360439
5678,3187877
5679,6928533
5680,413761
5681,3729193
5682,8174529
5683,7771598
5684,8602604
5685,8215019
5686,4446462
5687,4940573
5688,3719305
5689,8252920
5690,9200992
5691,7781725
5692,893755
5693,7502688
5694,4272547
5695,9337076
5696,8811721
5697,5574984
5698,7708724
5699,4968438
5700,835776
5701,2182160
5702,6281854
5703,5512794
5704,8616268
5705,865583
5706,1656788
5707,9663947
5708,9495568
5709,634733
5710,3415480
5711,7420899
5712,333092
5713,7979581
5714,6434523
5715,5185704
5716,2855226
5717,6958864
5718,3012202
5719,4170312
5720,287632
5721,2919326
5722,9663655
5723,2393639
5724,8890826
5725,3268453
5726,4575794
5727,8444051
5728,5396824
5729,9217288
5730,6768818
5731,2327444
5732,9312453
5733,8873074
5734,716404
5735,7911488
5736,1324214
5737,1769867
5738,8541551
5739,1979288
5740,2032244
5741,6746129
5742,913072
5743,3023220
5744,8812118
5745,6153345
5746,5747776
5747,8882802
5748,9848606
5749,7828010
5750,2566294
5751,8058577
5752,2224933
5753,699967
5754,7584399
5755,9295156
5756,359033
5757,8682375
5758,4897537
5759,6912487
5760,7463919
5761,2744214
5762,964771
5763,7566805
5764,9120911
5765,4241171
5766,9852293
5767,6733779
5768,1308303
5769,3497694
5770,5546079
5771,2015375
5772,5685055
5773,4744102
5774,7073133
5775,1703890
5776,8949438
5777,1594089
5778,8573888
5779,5766017
5780,3553876
5781,1639307
5782,474685
5783,3435531
5784,8990511
5785,1075794
5786,6304912
5787,857830
5788,4920414
5789,6205480
5790,7452770
5791,3871139
5792,1539484
5793,7836643
5794,2709870
5795,269768
5796,8596071
5797,9434131
5798,4103247
5799,7882163
5800,3577833
5801,383108
5802,2025752
5803,1101110
5804,7427145
5805,1460077
5806,121659
5807,9916592
5808,8690688
5809,5472680
5810,9031855
5811,7052434
5812,6291154
5813,605876
5814,976435
5815,104409
5816,877209
5817,429517
5818,4579022
5819,4828782
5820,8815910
5821,9143054
5822,9879937
5823,9043396
5824,7482752
5825,5052428
5826,2160930
5827,4248715
5828,1591155
5829,8361897
5830,4873275
5831,6181709
5832,1756266
5833,3411498
5834,2792819
5835,7871471
5836,1378589
5837,551735
5838,4213035
5839,3748871
5840,4826659
5841,106491
5842,9839938
5843,945691
5844,9724856
5845,8148837
5846,7804437
5847,8103923
5848,384173
5849,3925889
5850,174952
5851,5325970
5852,8069428
5853,7185234
5854,5346723
5855,2815704
5856,4067852
5857,724908
5858,1884484
5859,4175459
5860,3959291
5861,3768614
5862,2318189
5863,2425416
5864,3104789
5865,6119969
5866,222483
5867,4730987
5868,4328978
5869,5353999
5870,1879510
5871,7447106
5872,1357874
5873,4856264
5874,597271
5875,8836651
5876,2225577
5877,8549316
5878,7582107
5879,6467460
5880,2570296
5881,2031143
5882,3018298
5883,1750900
5884,5441665
5885,5866278
5886,2605380
5887,5130175
5888,4461124
5889,5421619
5890,4026686
5891,6366679
5892,5360148
5893,2043206
5894,8254664
5895,4577946
5896,2936888
5897,6348649
5898,1857767
5899,6564261
5900,2623600
5901,842329
5902,9821693
5903,48148
5904,5019281
5905,4075098
5906,7623756
5907,3481795
5908,7316043
5909,1294864
5910,6599409
5911,4513242
5912,9512539
5913,1162522
5914,328556
5915,5349489
5916,2069006
5917,7516072
5918,5008160
5919,3184552
5920,4711904
5921,911911
5922,5269882
5923,8588376
5924,7248599
5925,7849046
5926,3298577
5927,4403009
5928,9755339
5929,3600715
5930,1837688
5931,9078994
5932,6471991
5933,3893252
5934,5469130
5935,112016
5936,7753924
5937,4350140
5938,520593
5939,2886777
5940,4627932
5941,3607768
5942,3593305
5943,8948665
5944,1895946
5945,31676
5946,9942588
5947,5541328
5948,4150161
5949,4584751
5950,7106827
5951,7150729
5952,202205
5953,277617
5954,5296304
5955,1336814
5956,2341395
5957,5471411
5958,5090570
5959,5538395
5960,2458887
5961,7442616
5962,8520246
5963,9651438
5964,4524450
5965,9453508
5966,7945889
5967,8412639
5968,2116337
5969,1889643
5970,6111646
5971,3797519
5972,4019983
5973,5939394
5974,4553279
5975,50677
5976,9946152
5977,2934617
5978,5607525
5979,6060367
5980,7782636
5981,2673606
5982,1983261
5983,325178
5984,895507
5985,2775055
5986,5191497
5987,9272659
5988,1837000
5989,7514844
5990,999506
5991,9061602
5992,8387447
5993,2768526
5994,7333848
5995,5364189
5996,6306322
5997,7559684
5998,5381162
5999,6779757
6000,6208634
6001,1696746
6002,964519
6003,7725418
6004,805156
6005,3974517
6006,6946765
6007,8585301
6008,6828641
6009,1856932
6010,5043694
6011,6594482
6012,8613283
6013,2310869
6014,6320976
6015,5963877
6016,2422717
6017,8684892
6018,3695613
6019,1350676
6020,883054
6021,8682079
6022,7346885
6023,9534334
6024,3830892
6025,8419553
6026,7606488
6027,4239824
6028,7921443
6029,336594
6030,2936643
6031,2407762
6032,6111684
6033,6299185
6034,7665478
6035,1099622
6036,3645747
6037,3344313
6038,298366
6039,8392904
6040,4896802
6041,8014114
6042,1565650
6043,4973348
6044,1470068
6045,5742994
6046,5888112
6047,1953044
6048,2417485
6049,5465035
6050,5566042
6051,48707
6052,1265657
6053,3122049
6054,8349321
6055,2495633
6056,9138295
6057,1011083
6058,8453741
6059,9376189
6060,812764
6061,9559745
6062,868615
6063,3017078
6064,8920990
6065,1704702
6066,6979201
6067,2219821
6068,9901047
6069,3400410
6070,6487145
6071,7149957
6072,527555
6073,1104583
6074,8640938
6075,7223358
6076,8929371
6077,2536803
6078,9816629
6079,4980218
6080,2246253
6081,9068882
6082,4593665
6083,9557422
6084,7513031
6085,2490591
6086,4430879
6087,6994724
6088,8384202
6089,2985674
6090,4316607
6091,7664982
6092,1277121
6093,7791399
6094,8433137
6095,6696256
6096,2416181
6097,8449250
6098,629013
6099,6401698
6100,483776
6101,6584418
6102,7040391
6103,8802300
6104,7904775
6105,7060625
6106,3194057
6107,6768881
6108,2879726
6109,5541486
6110,8652238
6111,7845501
6112,3194090
6113,9686251
6114,4331059
6115,6960914
6116,3094634
6117,5045485
6118,2256486
6119,9864629
6120,4199692
6121,8770702
6122,149593
6123,457142
6124,4044912
6125,5153562
6126,9216959
6127,290567
6128,1964584
6129,3103236
6130,9244091
6131,5200037
6132,6800484
6133,6971239
6134,4562456
6135,5509682
6136,2227642
6137,3377598
6138,4002844
6139,1653313
6140,6591029
6141,2448776
6142,5747158
6143,8143644
6144,1100634
6145,4885293
6146,3716057
6147,4613995
6148,4525635
6149,628789
6150,1728722
6151,7758682
6152,4588899
6153,8713083
6154,3225533
6155,1094002
6156,93328
6157,9708085
6158,2573434
6159,687140
6160,4575393
6161,5843284
6162,8479325
6163,5635738
6164,7659522
6165,5406158
6166,6330559
6167,6049262
6168,7387894
6169,6230046
6170,7641889
6171,1593322
6172,7326560
6173,5747921
6174,904714
6175,4251594
6176,1545690
6177,2474310
6178,1711166
6179,3273751
6180,352112
6181,6716481
6182,1116651
6183,231854
6184,7906477
6185,4452469
6186,7812532
6187,9358386
6188,3645585
6189,8016710
6190,8002980
6191,2286219
6192,9045507
6193,3649852
6194,6072127
6195,591860
6196,1252634
6197,5821789
6198,5868622
6199,360415
6200,9849375
6201,2202164
6202,129881
6203,8701807
6204,1068180
6205,2872607
6206,9146575
6207,6664879
6208,6831472
6209,4776431
6210,4493552
6211,871783
6212,7614711
6213,7467425
6214,3732290
6215,2420463
6216,7850871
6217,3713597
6218,8765241
6219,2334312
6220,5253647
6221,8523418
6222,5765226
6223,5800790
6224,1413099
6225,583191
6226,6717623
6227,6230189
6228,8884720
6229,1262944
6230,194562
6231,5955375
6232,41847
6233,1820512
6234,7740232
6235,9849156
6236,4409897
6237,164478
6238,7114152
6239,9278595
6240,3183307
6241,7441204
6242,4593120
6243,9795794
6244,6500058
6245,7277912
6246,3231546
6247,6895734
6248,6555909
6249,3902582
6250,9729763
6251,8503906
6252,2750357
6253,8471207
6254,5053527
6255,3511346
6256,2235245
6257,7581808
6258,6122384
6259,4442162
6260,4238514
6261,4660689
6262,4949041
6263,5093411
6264,9588535
6265,8422965
6266,9888892
6267,402487
6268,5624236
6269,9346271
6270,8239689
6271,7012089
6272,3804891
6273,6775983
6274,5226931
6275,9617423
6276,7200728
6277,1672049
6278,1518736
6279,5672587
6280,343601
6281,7488036
6282,1149523
6283,7431662
6284,3388272
6285,7674388
6286,7561041
6287,2342114
6288,20213
6289,2388808
6290,260166
6291,741593
6292,4750733
6293,4397538
6294,1770607
6295,3433683
6296,7004612
6297,3115791
6298,6582200
6299,8730493
6300,3081870
6301,5710403
6302,3404764
6303,5802920
6304,718857
6305,5807442
6306,2268204
6307,6046844
6308,3333830
6309,7119856
6310,2942710
6311,7037672
6312,3408392
6313,3272011
6314,1206733
6315,6126198
6316,7238091
6317,9997290
6318,4554825
6319,3905583
6320,6090227
6321,973921
6322,1761290
6323,5050605
6324,4230246
6325,6908177
6326,1979877
6327,9263735
6328,3854335
6329,269177
6330,576597
6331,8836486
6332,3914613
6333,3810085
6334,443276
6335,9989429
6336,5458737
6337,67696
6338,5709843
6339,1783909
6340,7585938
6341,4475461
6342,5983168
6343,4191664
6344,3062066
6345,8979913
6346,208928
6347,7046921
6348,6377959
6349,2021048
6350,9359258
6351,7330784
6352,6899275
6353,9691084
6354,5773079
6355,610775
6356,3831005
6357,3730576
6358,183157
6359,6407593
6360,4294209
6361,9578155
6362,6470998
6363,3300585
6364,711690
6365,176537
6366,9537384
6367,701358
6368,9694387
6369,4122984
6370,2254272
6371,72398
6372,7573620
6373,9759866
6374,3145166
6375,2990940
6376,6173576
6377,3661855
6378,4182677
6379,2638741
6380,6513634
6381,6340300
6382,6969406
6383,2932786
6384,2783428
6385,6964773
6386,6843042
6387,4858227
6388,5013723
6389,2480556
6390,7426644
6391,3962653
6392,204625
6393,3164151
6394,2422939
6395,2616758
6396,5988814
6397,1081026
6398,2617510
6399,1441425
6400,68131
6401,214832
6402,9083125
6403,1530609
6404,2023661
6405,8599772
6406,4831626
6407,9289433
6408,1401655
6409,6492258
6410,7619431
6411,8639887
6412,1081354
6413,2624634
6414,7369759
6415,8766547
6416,547232
6417,1782840
6418,9161220
6419,6222944
6420,4811916
6421,1532656
6422,9769358
6423,1838466
6424,1582828
6425,3332880
6426,9332208
6427,2309563
6428,4237813
6429,4698236
6430,7490996
6431,9895525
6432,6780349
6433,9835262
6434,6142105
6435,5626950
6436,8421760
6437,8903055
6438,6310794
6439,7308204
6440,5043954
6441,7597469
6442,3180110
6443,3095691
6444,3124637
6445,3100516
6446,1316825
6447,8991732
6448,1771954
6449,7880934
6450,7185635
6451,8660569
6452,8644215
6453,1915117
6454,6582551
6455,3489633
6456,4997252
6457,5031686
6458,5292076
6459,6769625
6460,6131805
6461,3928964
6462,3494508
6463,5572282
6464,297083
6465,5312459
6466,5457130
6467,7983963
6468,8073290
6469,3528657
6470,695253
6471,5156683
6472,2103532
6473,3269521
6474,2778406
6475,4656033
6476,3265041
6477,1516236
6478,8412300
6479,4436532
6480,6400711
6481,3034234
6482,9786832
6483,8459666
6484,4508177
6485,7064990
6486,609214
6487,1382956
6488,1450618
6489,7732727
6490,1282435
6491,3116283
6492,8351781
6493,1929428
6494,2544531
6495,9886420
6496,826599
6497,4897700
6498,2408693
6499,1415189
6500,2000044
6501,3617797
6502,5111791
6503,7970983
6504,3817119
6505,3072862
6506,677504
6507,7173724
6508,1104406
6509,9408145
6510,8975824
6511,6669300
6512,2444178
6513,1303856
6514,6037320
6515,3863990
6516,7297846
6517,1366095
6518,7147160
6519,253140
6520,4107789
6521,706570
6522,7513299
6523,5771132
6524,368523
6525,6793791
6526,2218651
6527,3218773
6528,5382146
6529,2891392
6530,8209663
6531,3996419
6532,6109853
6533,9017262
6534,3334647
6535,6188363
6536,2151879
6537,769723
6538,2338219
6539,7500080
6540,9392606
6541,4324514
6542,7678792
6543,6440659
6544,281749
6545,4310709
6546,5062995
6547,9111299
6548,38170
6549,1838657
6550,7536383
6551,9013381
6552,515791
6553,5616388
6554,3085147
6555,1193295
6556,5965067
6557,7588242
6558,9817741
6559,4382841
6560,5618087
6561,2840253
6562,2040075
6563,4288998
6564,5290317
6565,1127184
6566,468857
6567,8359120
6568,9232141
6569,8584407
6570,2758985
6571,5314597
6572,8913138
6573,9034263
6574,2121453
6575,2437909
6576,9829208
6577,8968051
6578,2768227
6579,8199413
6580,3289856
6581,6964771
6582,6916185
6583,4603962
6584,4636316
6585,6696743
6586,8005646
6587,8808030
6588,9986052
6589,1383304
6590,849162
6591,326190
6592,1516913
6593,9917571
6594,9722042
6595,9974836
6596,2241477
6597,6937056
6598,661273
6599,3100345
6600,421067
6601,4838425
6602,4489118
6603,9905055
6604,2677221
6605,6495880
6606,1888220
6607,1622865
6608,2621304
6609,5484655
6610,9744687
6611,414877
6612,3186446
6613,5658547
6614,5965185
6615,9717101
6616,1945202
6617,2039258
6618,2064194
6619,5602987
6620,4842599
6621,6980493
6622,5305655
6623,1155603
6624,6661494
6625,4185283
6626,9333015
6627,136014
6628,9780974
6629,8326967
6630,4684204
6631,5800443
6632,3367891
6633,7640138
6634,3950359
6635,3223708
6636,1512614
6637,2288482
6638,8759993
6639,4964986
6640,6909051
6641,6637294
6642,1292178
6643,7735744
6644,106122
6645,3846908
6646,1024779
6647,3592128
6648,3518457
6649,9254214
6650,4511381
6651,8271882
6652,1633305
6653,4737229
6654,6232002
6655,8543051
6656,7446323
6657,791516
6658,5330165
6659,375739
6660,6625541
6661,6277049
6662,3116977
6663,8914660
6664,3269707
6665,7009928
6666,226419
6667,9493948
6668,5134455
6669,5896969
6670,7881128
6671,9242554
6672,3037651
6673,8027262
6674,655973
6675,2398936
6676,6140780
6677,4889468
6678,2413581
6679,4432335
6680,8922494
6681,8135527
6682,4197820
6683,9360217
6684,5737885
6685,6065031
6686,1880775
6687,586145
6688,4435971
6689,9798916
6690,2734356
6691,37072
6692,5535056
6693,1591463
6694,8911334
6695,8644385
6696,6488146
6697,1511903
6698,1082290
6699,548040
6700,977061
6701,9367393
6702,8129045
6703,2171667
6704,8588546
6705,7415255
6706,2496401
6707,426374
6708,1933947
6709,9593162
6710,6295051
6711,7659826
6712,526391
6713,576688
6714,9620466
6715,4277667
6716,7588640
6717,6318794
6718,6429541
6719,4716080
6720,6027114
6721,8243737
6722,5268024
6723,3177844
6724,5377002
6725,2253839
6726,2048324
6727,1428480
6728,8005954
6729,5763003
6730,3433447
6731,4007540
6732,6149216
6733,9909336
6734,8373413
6735,493718
6736,3562777
6737,8369351
6738,3714009
6739,9947894
6740,4906840
6741,4142263
6742,5135149
6743,7092304
6744,6656569
6745,7117099
6746,7495147
6747,5859306
6748,4137055
6749,8998045
6750,3572977
6751,3897110
6752,2699458
6753,1243013
6754,3785149
6755,124886
6756,8724648
6757,7402051
6758,5770401
6759,6542125
6760,9612819
6761,5926832
6762,1274824
6763,4376720
6764,5937821
6765,2052697
6766,7189431
6767,8666254
6768,4922393
6769,553523
6770,1386792
6771,1206170
6772,1609771
6773,1623418
6774,2401213
6775,1325535
6776,5404434
6777,3114476
6778,1344621
6779,6237160
6780,1007566
6781,8223156
6782,5660977
6783,7245571
6784,150587
6785,6619838
6786,8612854
6787,9810470
6788,1077126
6789,360422
6790,5534315
6791,7320848
6792,6853092
6793,6520391
6794,4378828
6795,8513133
6796,419495
6797,3740063
6798,133214
6799,6278640
6800,5888167
6801,3761025
6802,6196391
6803,2257378
6804,4673531
6805,2820765
6806,8907392
6807,6086849
6808,7618587
6809,7251407
6810,1406518
6811,8854297
6812,6001375
6813,3769004
6814,7459594
6815,3040318
6816,4749651
6817,8062963
6818,5134723
6819,9733444
6820,9134196
6821,2470673
6822,3398246
6823,3223447
6824,4834488
6825,4179584
6826,973645
6827,1783956
6828,8863755
6829,7608926
6830,5059677
6831,4797605
6832,3010661
6833,5951564
6834,7443130
6835,2228358
6836,2354588
6837,6446552
6838,5121925
6839,5908879
6840,1213001
6841,7854671
6842,8114405
6843,4095353
6844,4232005
6845,3763594
6846,8334865
6847,7888500
6848,9085578
6849,8512471
6850,9288605
6851,901653
6852,4960789
6853,4910261
6854,201101
6855,6378183
6856,1436328
6857,6809208
6858,3761403
6859,6185296
6860,7895810
6861,5596195
6862,3381402
6863,2750117
6864,9530545
6865,7955303
6866,7169543
6867,3497148
6868,453895
6869,6870744
6870,4449539
6871,1857487
6872,6403804
6873,8039746
6874,368321
6875,9142155
6876,7064639
6877,3350570
6878,1713571
6879,2414514
6880,5138246
6881,5405295
6882,2257938
6883,8613778
6884,8742335
6885,3969228
6886,8598794
6887,7565653
6888,6505051
6889,4674632
6890,8428016
6891,463445
6892,5327321
6893,2002908
6894,9115812
6895,8218097
6896,9316954
6897,7599141
6898,5107315
6899,5182338
6900,5176561
6901,1190212
6902,6196901
6903,2921634
6904,2049934
6905,7220295
6906,9719850
6907,1836551
6908,8859698
6909,7860535
6910,2297363
6911,8145449
6912,2836405
6913,586992
6914,6814549
6915,4094412
6916,4546035
6917,5527212
6918,3714544
6919,2027202
6920,4826603
6921,7189177
6922,2741238
6923,8214250
6924,6140771
6925,7795885
6926,9851096
6927,4326514
6928,4634865
6929,1239472
6930,1888320
6931,9894196
6932,4151230
6933,9042758
6934,4074932
6935,4781913
6936,6519850
6937,9323631
6938,618144
6939,1005727
6940,3820149
6941,2484740
6942,1749248
6943,6401396
6944,4113986
6945,425091
6946,4550850
6947,807644
6948,3123491
6949,4691411
6950,7103404
6951,6298630
6952,6014764
6953,6174831
6954,6097813
6955,9841339
6956,9044747
6957,1183391
6958,4893803
6959,4251003
6960,1940198
6961,4932342
6962,710200
6963,7005711
6964,3565574
6965,662652
6966,5869208
6967,5466140
6968,4598445
6969,5534027
6970,8849085
6971,6231587
6972,2727988
6973,7532875
6974,5099558
6975,8424150
6976,484204
6977,5546617
6978,5378769
6979,2146848
6980,3230495
6981,397485
6982,2139134
6983,6380041
6984,5143579
6985,8766228
6986,5029034
6987,1752047
6988,2719454
6989,9655920
6990,6306865
6991,628884
6992,8869479
6993,2024560
6994,8455720
6995,165448
6996,8460040
6997,1744846
6998,2728601
6999,2673149
7000,1531121
7001,4427169
7002,9398649
7003,2492163
7004,7950876
7005,706668
7006,3461248
7007,9095037
7008,3401757
7009,8503338
7010,5087207
7011,7873556
7012,9587429
7013,2848241
7014,2203859
7015,493613
7016,1790801
7017,1996044
7018,369123
7019,7791463
7020,6360869
7021,384969
7022,1463615
7023,2083870
7024,3462720
7025,9739126
7026,6729689
7027,6162309
7028,2515711
7029,5854541
7030,3868315
7031,6143612
7032,2515238
7033,6634266
7034,739173
7035,1623451
7036,3000183
7037,7282831
7038,1062195
7039,1394527
7040,2857185
7041,7991991
7042,4922655
7043,9584506
7044,7090737
7045,3655688
7046,8357969
7047,6797199
7048,9960172
7049,9690508
7050,3345594
7051,6603588
7052,2377370
7053,5816205
7054,115434
7055,9927534
7056,1480231
7057,2647507
7058,8478567
7059,8480904
7060,7487508
7061,1751534
7062,9867724
7063,1080734
7064,7902229
7065,7610633
7066,8792179
7067,2940715
7068,7984806
7069,4473300
7070,2847955
7071,6334670
7072,2939399
7073,481419
7074,1517708
7075,7535047
7076,9159581
7077,978589
7078,4008813
7079,3533158
7080,7146212
7081,8564918
7082,1156316
7083,5364254
7084,8352948
7085,3731409
7086,8205713
7087,7530353
7088,3195121
7089,207535
7090,2904143
7091,2885871
7092,3273538
7093,1395982
7094,3791594
7095,4255375
7096,1895503
7097,7606141
7098,4022701
7099,1169531
7100,7654548
7101,1137592
7102,4310931
7103,1632660
7104,7027024
7105,9248957
7106,1075475
7107,9702573
7108,2838742
7109,5380582
7110,4797020
7111,774656
7112,9330824
7113,507354
7114,4477352
7115,5093174
7116,8214665
7117,7479101
7118,5199624
7119,6711405
7120,5970307
7121,2305643
7122,1901467
7123,4333084
7124,4742338
7125,6927770
7126,8686976
7127,3666080
7128,5122297
7129,2247532
7130,9519252
7131,8214751
7132,9411363
7133,9430714
7134,5816513
7135,1661691
7136,5124187
7137,1968970
7138,6320987
7139,2399488
7140,9328881
7141,6688057
7142,6857609
7143,5583829
7144,6147310
7145,7312260
7146,2868345
7147,461223
7148,6915577
7149,1911158
7150,6687845
7151,7746637
7152,5197881
7153,7365411
7154,1414846
7155,4089812
7156,7069151
7157,8943710
7158,6906684
7159,7369728
7160,1248239
7161,2894727
7162,8487082
7163,8575361
7164,2123617
7165,3355353
7166,5006619
7167,4594375
7168,6453923
7169,2835847
7170,6305768
7171,6085827
7172,7241828
7173,6465344
7174,2931233
7175,8198419
7176,2931932
7177,699770
7178,61744
7179,3995696
7180,7543494
7181,658342
7182,5722897
7183,9032946
7184,3844021
7185,6660687
7186,610458
7187,8534222
7188,5024671
7189,1224133
7190,208351
7191,9407254
7192,8689969
7193,6802281
7194,2411936
7195,8412400
7196,6049880
7197,1896408
7198,609383
7199,2869990
7200,9079834
7201,1818865
7202,8033195
7203,609794
7204,2449108
7205,8976389
7206,6593697
7207,8587754
7208,2334854
7209,3522866
7210,266416
7211,2076110
7212,4341666
7213,6522317
7214,3971029
7215,9560827
7216,6402853
7217,3349939
7218,8466583
7219,6202735
7220,5379705
7221,6787121
7222,3873301
7223,8548602
7224,9643868
7225,6692891
7226,1849516
7227,2992404
7228,737237
7229,160930
7230,7328540
7231,3032647
7232,219487
7233,6757740
7234,794323
7235,9560352
7236,1251277
7237,9898862
7238,9328450
7239,4332447
7240,5502339
7241,8201496
7242,1645746
7243,5263438
7244,3078099
7245,604353
7246,457217
7247,680045
7248,6322580
7249,8815074
7250,4482778
7251,4542933
7252,5900500
7253,3480783
7254,6590448
7255,9625019
7256,1992595
7257,7671029
7258,1631600
7259,8435879
7260,5112259
7261,4684168
7262,5163556
7263,809947
7264,5713933
7265,722454
7266,7673261
7267,4443160
7268,8801071
7269,7117865
7270,474498
7271,5665436
7272,7226570
7273,6023119
7274,1057141
7275,2075836
7276,4563516
7277,1287347
7278,4442750
7279,901349
7280,2306448
7281,8381255
7282,1829384
7283,4578152
7284,6010766
7285,353475
7286,2463102
7287,7813712
7288,7680736
7289,3457303
7290,5753735
7291,9560745
7292,4400077
7293,4629378
7294,5205882
7295,5553960
7296,9413713
7297,1107066
7298,2672657
7299,2338580
7300,4922034
7301,3399729
7302,7442410
7303,5924171
7304,5802568
7305,1242167
7306,2909492
7307,516849
7308,8208564
7309,5734952
7310,8421431
7311,8537305
7312,7333409
7313,1190282
7314,6288872
7315,6392406
7316,9959724
7317,9095469
7318,2865534
7319,4792275
7320,9966709
7321,4078562
7322,1326875
7323,9509931
7324,8603033
7325,7362566
7326,7313548
7327,7146577
7328,5557190
7329,5946371
7330,2603759
7331,9339880
7332,1536563
7333,5747761
7334,9219117
7335,2666355
7336,2544011
7337,3594510
7338,9214657
7339,2682423
7340,2627604
7341,2013418
7342,5346706
7343,9583787
7344,2505643
7345,4097420
7346,1801970
7347,2252843
7348,9390650
7349,7971502
7350,5556670
7351,6466033
7352,8906237
7353,2270127
7354,8101759
7355,4454909
7356,9909997
7357,3593508
7358,4488197
7359,3425384
7360,4915108
7361,1400410
7362,1851670
7363,8446264
7364,5073409
7365,842851
7366,5498263
7367,4786411
7368,8869201
7369,9549052
7370,2363648
7371,8618243
7372,7432695
7373,5759014
7374,5830923
7375,1769444
7376,5144188
7377,5207888
7378,8073848
7379,3283229
7380,7088253
7381,2359502
7382,3286542
7383,6552045
7384,4404929
7385,4444196
7386,6410132
7387,3055427
7388,1530223
7389,2226910
7390,9158429
7391,3141646
7392,5854601
7393,5726581
7394,8937612
7395,1485212
7396,7768481
7397,7353914
7398,9742042
7399,601076
7400,996197
7401,4189449
7402,7073661
7403,4456310
7404,9895446
7405,8325524
7406,1138412
7407,5747895
7408,6029303
7409,1935389
7410,1597002
7411,470597
7412,7562866
7413,9860466
7414,2787953
7415,5143957
7416,827274
7417,7282165
7418,9816532
7419,7368637
7420,536521
7421,1227074
7422,6087861
7423,8191907
7424,7170030
7425,8221964
7426,5177819
7427,2467258
7428,8755675
7429,5721088
7430,726369
7431,8772161
7432,8135564
7433,1548380
7434,2470099
7435,9568202
7436,181475
7437,8649176
7438,1763828
7439,6186150
7440,4734844
7441,9099603
7442,4105613
7443,2536602
7444,1848726
7445,7783032
7446,4327684
7447,3576803
7448,2460105
7449,9842138
7450,3842671
7451,1076956
7452,199140
7453,6572070
7454,2540214
7455,2945463
7456,3603355
7457,7026216
7458,5877300
7459,2134584
7460,6818967
7461,2025477
7462,7080274
7463,117192
7464,254671
7465,4709051
7466,1728725
7467,4864556
7468,9588942
7469,7075319
7470,8821742
7471,5883547
7472,4777554
7473,2831608
7474,4145995
7475,703135
7476,7738999
7477,7782326
7478,1946705
7479,997776
7480,3913804
7481,2091776
7482,8458583
7483,152206
7484,5818628
7485,2736091
7486,8141270
7487,1052168
7488,5474693
7489,9036254
7490,527114
7491,2040655
7492,2716834
7493,8299052
7494,2547493
7495,3258002
7496,2516625
7497,5111410
7498,8088280
7499,241094
7500,6280732
7501,178463
7502,2895946
7503,5095151
7504,9018049
7505,6673554
7506,9467149
7507,8760605
7508,409013
7509,196510
7510,5230070
7511,4631098
7512,1850610
7513,8180005
7514,6704919
7515,9226235
7516,5800120
7517,1329497
7518,9520959
7519,7903112
7520,1309769
7521,7103891
7522,2245798
7523,2430906
7524,7735055
7525,9932853
7526,6135596
7527,4231559
7528,1519943
7529,3264411
7530,7051356
7531,9676328
7532,8295213
7533,7472446
7534,4135731
7535,8514522
7536,8657310
7537,8562630
7538,3824175
7539,3741570
7540,2386235
7541,9091678
7542,150040
7543,8833013
7544,2979467
7545,2315383
7546,8560300
7547,7451451
7548,7587404
7549,2908530
7550,3401379
7551,5477414
7552,641354
7553,3208729
7554,6350544
7555,7065980
7556,7444667
7557,2528666
7558,2237614
7559,3890007
7560,2473154
7561,729302
7562,8041859
7563,8298610
7564,7555851
7565,3769444
7566,7692553
7567,416989
7568,9746061
7569,9399021
7570,7029897
7571,5849486
7572,4714508
7573,4655955
7574,617542
7575,2237121
7576,158857
7577,1956840
7578,1215583
7579,1704678
7580,3274545
7581,7173364
7582,2750130
7583,9699879
7584,4313560
7585,3641209
7586,5202460
7587,2270098
7588,2544868
7589,5944328
7590,5324294
7591,9764860
7592,4444872
7593,1392370
7594,841333
7595,1540387
7596,7911184
7597,1195141
7598,7323255
7599,187557
7600,9052833
7601,1571009
7602,2338902
7603,4170461
7604,3703394
7605,1003728
7606,2128300
7607,3075866
7608,9597910
7609,6517775
7610,8310526
7611,7600644
7612,2305432
7613,5355120
7614,3979021
7615,3016973
7616,5739326
7617,2837697
7618,2044424
7619,5052933
7620,87043
7621,8891723
7622,4654649
7623,4508446
7624,5359746
7625,4884169
7626,439985
7627,6096584
7628,8963476
7629,2606972
7630,8740852
7631,9076332
7632,7954655
7633,3503114
7634,8941290
7635,5226420
7636,6717237
7637,2006284
7638,7179777
7639,4851670
7640,3864472
7641,2328626
7642,6450656
7643,3815344
7644,844062
7645,8589653
7646,7211287
7647,9699996
7648,4233865
7649,9276449
7650,2027682
7651,1269983
7652,8174507
7653,3662076
7654,5819535
7655,226045
7656,615951
7657,5187581
7658,4401428
7659,7368208
7660,9999239
7661,5462359
7662,3038717
7663,6654952
7664,8180555
7665,3511464
7666,9784642
7667,1112768
7668,4922200
7669,1099124
7670,225937
7671,1110219
7672,7302683
7673,2654374
7674,3149279
7675,6973578
7676,163458
7677,2164999
7678,3431838
7679,243781
7680,130023
7681,6299062
7682,7708723
7683,5856556
7684,454283
7685,3023799
7686,7880470
7687,3865080
7688,6176666
7689,5542509
7690,2023656
7691,5158541
7692,3810968
7693,2895092
7694,502894
7695,4111100
7696,2775558
7697,4601118
7698,7448479
7699,2246941
7700,3217029
7701,7574167
7702,1184576
7703,2831994
7704,6345118
7705,9768944
7706,1802483
7707,5135295
7708,1413692
7709,6364208
7710,2655126
7711,2793012
7712,9405467
7713,302484
7714,4626575
7715,6702147
7716,4171917
7717,4336164
7718,1982096
7719,8031477
7720,4999149
7721,1474716
7722,9895592
7723,7658073
7724,831872
7725,3581073
7726,9841865
7727,6361509
7728,8131853
7729,6330692
7730,9251319
7731,2229168
7732,2680272
7733,2814479
7734,7904205
7735,7863331
7736,8104784
7737,1433709
7738,3978507
7739,7475663
7740,6281160
7741,8412670
7742,9043188
7743,2231104
7744,4760869
7745,5580052
7746,1978480
7747,36166
7748,5430960
7749,949461
7750,2885357
7751,1046986
7752,1019009
7753,8363971
7754,6930625
7755,9031706
7756,978270
7757,5465951
7758,8719812
7759,9126009
7760,5275730
7761,7253087
7762,2162975
7763,375391
7764,7745105
7765,6360534
7766,1954929
7767,9100404
7768,3700781
7769,6579155
7770,8961552
7771,335912
7772,7342619
7773,3869073
7774,2826204
7775,2034208
7776,5227568
7777,5340719
7778,3537767
7779,3377065
7780,7034657
7781,6904338
7782,103193
7783,8618617
7784,3301095
7785,2403581
7786,7936083
7787,5679338
7788,3104626
7789,7564163
7790,1151691
7791,4722687
7792,2870946
7793,5223239
7794,6764338
7795,6364416
7796,5953787
7797,6406356
7798,5356353
7799,526698
7800,4769429
7801,4709582
7802,1691599
7803,5541840
7804,791595
7805,4254281
7806,623562
7807,6671988
7808,9665046
7809,7579607
7810,5065644
7811,8313520
7812,9949967
7813,5372770
7814,1771546
7815,5710257
7816,7916529
7817,9285384
7818,6440327
7819,1640138
7820,4516600
7821,3555669
7822,8107344
7823,5205337
7824,5903594
7825,1107122
7826,4596139
7827,2119574
7828,8355093
7829,5197273
7830,2181611
7831,7106810
7832,1919874
7833,7628958
7834,7846029
7835,9693550
7836,8176807
7837,250272
7838,5483563
7839,5747480
7840,5215741
7841,7582364
7842,6226547
7843,1952084
7844,2936991
7845,7242654
7846,5996939
7847,159929
7848,3781807
7849,7135120
7850,6536306
7851,7389214
7852,5217974
7853,5130817
7854,2586545
7855,5998708
7856,3102164
7857,940155
7858,9015996
7859,2061732
7860,6091305
7861,7611447
7862,8966658
7863,8187038
7864,216268
7865,152822
7866,9942638
7867,9638730
7868,2717002
7869,163120
7870,1655017
7871,9626929
7872,5260919
7873,9939319
7874,5262244
7875,371940
7876,1226206
7877,4330011
7878,9555321
7879,2610870
7880,7937733
7881,4963674
7882,5999478
7883,6903182
7884,7128803
7885,2762231
7886,8311333
7887,2829002
7888,6614047
7889,9065384
7890,9777669
7891,5753311
7892,3707422
7893,6080264
7894,303278
7895,27781
7896,1578115
7897,7897840
7898,3076617
7899,3335635
7900,8812603
7901,2511367
7902,277318
7903,1687140
7904,1397408
7905,6321618
7906,6692110
7907,5097900
7908,6747943
7909,9749167
7910,6222626
7911,9168842
7912,8566327
7913,3652684
7914,1702838
7915,5398004
7916,5242634
7917,9461645
7918,8527694
7919,5356158
7920,9931911
7921,5164684
7922,2338883
7923,7020524
7924,4190585
7925,4515284
7926,1817708
7927,2567811
7928,212045
7929,7975409
7930,6647731
7931,2197821
7932,9345898
7933,7600876
7934,7669894
7935,8703874
7936,4090996
7937,308824
7938,9916823
7939,412561
7940,1289226
7941,5995735
7942,3886243
7943,3829647
7944,3262868
7945,1182557
7946,4069294
7947,7424206
7948,7536982
7949,9525685
7950,3243466
7951,6287540
7952,6311255
7953,377497
7954,4645429
7955,8362666
7956,6879039
7957,9377972
7958,5144017
7959,1482812
7960,3323968
7961,1931903
7962,9101174
7963,1830550
7964,5146661
7965,8238585
7966,696118
7967,5985217
7968,7074677
7969,8287314
7970,7401762
7971,9766425
7972,422432
7973,3183287
7974,9133140
7975,860465
7976,8045474
7977,2406933
7978,5467833
7979,8037976
7980,1304914
7981,6489520
7982,3065342
7983,3410129
7984,4820613
7985,4133351
7986,8291098
7987,7314739
7988,8071580
7989,7455175
7990,8755149
7991,3795909
7992,5569269
7993,3478822
7994,4195515
7995,5370836
7996,3907950
7997,7964646
7998,8326186
7999,4084042
8000,1662806
8001,5014877
8002,7461756
8003,7366489
8004,2844248
8005,3646708
8006,3713503
8007,3407631
8008,9441828
8009,5208891
8010,2166157
8011,4653287
8012,525056
8013,6230054
8014,5330316
8015,2205886
8016,3085228
8017,856898
8018,5145090
8019,9746747
8020,2828223
8021,1280797
8022,3202846
8023,4836525
8024,4443231
8025,4673581
8026,6142159
8027,7350450
8028,7873162
8029,2445590
8030,1847092
8031,4753977
8032,5931903
8033,8541145
8034,3444347
8035,8906004
8036,4308874
8037,5384942
8038,2812356
8039,2297348
8040,3738538
8041,8978919
8042,9800070
8043,5625880
8044,4177544
8045,5890336
8046,8560
8047,9377243
8048,6415878
8049,6551240
8050,201727
8051,4788375
8052,6400838
8053,8754630
8054,9052831
8055,2322338
8056,328655
8057,434501
8058,4035225
8059,608300
8060,8301362
8061,9470846
8062,83780
8063,4829423
8064,1783224
8065,2243289
8066,1208292
8067,7452498
8068,6178381
8069,5500448
8070,6416529
8071,603796
8072,7411869
8073,5343100
8074,1044606
8075,9817983
8076,7132449
8077,5645033
8078,8470812
8079,2791148
8080,8122314
8081,1926039
8082,1750191
8083,5897104
8084,7353932
8085,9508536
8086,3370837
8087,8200545
8088,9562855
8089,4189097
8090,6153311
8091,1336804
8092,892666
8093,9629054
8094,7763108
8095,4065527
8096,7611370
8097,9404976
8098,9343579
8099,2220769
8100,3929239
8101,9522466
8102,7803890
8103,287839
8104,2088624
8105,9999620
8106,6368033
8107,1429060
8108,7113250
8109,3379252
8110,9450332
8111,8851544
8112,8891722
8113,2493626
8114,8251304
8115,7154399
8116,5184121
8117,68629
8118,9284823
8119,9606890
8120,1118419
8121,333642
8122,9073433
8123,6783236
8124,9309032
8125,1220930
8126,2504257
8127,4820435
8128,5367598
8129,8373605
8130,8824753
8131,3356183
8132,1940113
8133,248380
8134,3790023
8135,7548204
8136,3718178
8137,4458621
8138,2601162
8139,3066370
8140,9014519
8141,531870
8142,5504646
8143,1010940
8144,8479806
8145,1397065
8146,1334604
8147,21654
8148,4893435
8149,3277044
8150,9545860
8151,4265997
8152,1642786
8153,810142
8154,5832800
8155,5576522
8156,5432450
8157,1939606
8158,7469402
8159,2093234
8160,6916668
8161,9368618
8162,310496
8163,8934741
8164,3648776
8165,5367887
8166,1354214
8167,6835131
8168,9325143
8169,3471759
8170,1206358
8171,235308
8172,8175990
8173,91334
8174,1729562
8175,247745
8176,6758870
8177,4804714
8178,9203054
8179,1356015
8180,6442738
8181,7950324
8182,6690940
8183,5351729
8184,6446633
8185,231719
8186,3465256
8187,5059971
8188,6064116
8189,4596037
8190,4734970
8191,3707434
8192,6551402
8193,9665146
8194,1163394
8195,4825604
8196,1222734
8197,6841531
8198,6009933
8199,7654123
8200,896573
8201,1035912
8202,6381194
8203,9766826
8204,7052500
8205,6577600
8206,665038
8207,1667056
8208,7361469
8209,7999737
8210,3307601
8211,6527777
8212,9647322
8213,3754664
8214,5145793
8215,3733168
8216,9246539
8217,1004276
8218,8793986
8219,8858826
8220,1921074
8221,6631861
8222,7543288
8223,4620456
8224,9572680
8225,4414869
8226,3020300
8227,128246
8228,4771790
8229,3268220
8230,9032451
8231,7544468
8232,1231453
8233,1528573
8234,5499143
8235,7836418
8236,6647471
8237,5538677
8238,1441266
8239,1723195
8240,688547
8241,6803353
8242,5206304
8243,4436296
8244,5547318
8245,9618042
8246,4402159
8247,8617279
8248,3043069
8249,3572376
8250,6077652
8251,6251472
8252,149933
8253,3949750
8254,198887
8255,3915553
8256,3756726
8257,6860076
8258,6573685
8259,3360592
8260,6773882
8261,5137147
8262,4482791
8263,638220
8264,6824258
8265,2038778
8266,3644343
8267,7084292
8268,9269529
8269,1505884
8270,6377703
8271,2493786
8272,2060960
8273,6126388
8274,3596173
8275,8222134
8276,6175186
8277,6374830
8278,755538
8279,6761524
8280,9873905
8281,1786890
8282,9426135
8283,8601689
8284,803473
8285,4578071
8286,2494758
8287,7231482
8288,3640144
8289,1476099
8290,6206990
8291,1345565
8292,6594732
8293,9816885
8294,5017647
8295,2298115
8296,4245265
8297,1229068
8298,5246065
8299,2091743
8300,430211
8301,9900955
8302,1888416
8303,678311
8304,8836077
8305,3487553
8306,7368026
8307,9841471
8308,4596802
8309,852203
8310,8931201
8311,981638
8312,4491337
8313,624415
8314,3686076
8315,9098189
8316,2970199
8317,4344636
8318,2277610
8319,6299743
8320,6184692
8321,5847000
8322,6194280
8323,990571
8324,2247191
8325,4304814
8326,7758610
8327,4707362
8328,9039914
8329,6644001
8330,4855883
8331,1526497
8332,3831321
8333,1603759
8334,7924707
8335,7232411
8336,1185064
8337,9520773
8338,5108263
8339,7379478
8340,7143172
8341,3232234
8342,6615569
8343,3513121
8344,5091396
8345,1459096
8346,2972452
8347,4715111
8348,1772674
8349,634140
8350,4621746
8351,5724073
8352,5649883
8353,5648950
8354,2701368
8355,6274447
8356,1294350
8357,1502421
8358,2333348
8359,9741811
8360,2019989
8361,9170804
8362,8561902
8363,3229664
8364,7273330
8365,3067787
8366,3390397
8367,3207148
8368,4244068
8369,9564326
8370,50864
8371,2672272
8372,5097510
8373,9337748
8374,4138623
8375,5850943
8376,5574915
8377,6024286
8378,1895622
8379,9876185
8380,6554869
8381,2384495
8382,9322150
8383,7874766
8384,8298139
8385,1279871
8386,2433637
8387,5228889
8388,3271039
8389,2774299
8390,8685103
8391,8705127
8392,7514493
8393,9862038
8394,3100589
8395,5667856
8396,7108048
8397,3559900
8398,5420841
8399,5046163
8400,3285853
8401,5062793
8402,4312671
8403,251864
8404,9328876
8405,4545820
8406,8297148
8407,9237882
8408,6324432
8409,8734233
8410,1552345
8411,6189422
8412,9728719
8413,9462904
8414,9223562
8415,2981157
8416,279006
8417,1671075
8418,4796119
8419,4521825
8420,8339058
8421,3784112
8422,6304333
8423,8783623
8424,83651
8425,6572104
8426,1808996
8427,3731303
8428,6738161
8429,2315327
8430,165773
8431,4737184
8432,9082607
8433,4425229
8434,2902559
8435,3274023
8436,4375333
8437,8599523
8438,2052037
8439,142406
8440,4678098
8441,4888293
8442,6189444
8443,5774286
8444,4817211
8445,5570840
8446,3230377
8447,1888399
8448,1571395
8449,4694179
8450,9765793
8451,2183013
8452,6923021
8453,1060369
8454,312254
8455,3501002
8456,5155028
8457,1547742
8458,5461235
8459,9746366
8460,4817717
8461,3555378
8462,7705327
8463,2924221
8464,8871113
8465,1485238
8466,2061376
8467,6967750
8468,2617555
8469,4024553
8470,5277126
8471,1995882
8472,9321713
8473,1709869
8474,7412090
8475,16271
8476,2757898
8477,9763699
8478,9572949
8479,7184449
8480,3485379
8481,9264159
8482,3224859
8483,8217589
8484,1502995
8485,7030896
8486,9633038
8487,933766
8488,5302996
8489,9596772
8490,6912929
8491,4595326
8492,2838243
8493,882688
8494,356060
8495,2180426
8496,2717515
8497,8013084
8498,3901985
8499,865872
8500,6144284
8501,8749123
8502,4065048
8503,3333492
8504,8689523
8505,6267394
8506,9672037
8507,6604827
8508,510648
8509,6850179
8510,3616841
8511,821959
8512,1279203
8513,9205014
8514,8343483
8515,9940970
8516,9876906
8517,349734
8518,6055271
8519,8452778
8520,9634589
8521,5716056
8522,2029104
8523,1647083
8524,8703248
8525,5079208
8526,2919385
8527,6922136
8528,2775549
8529,8541189
8530,7401333
8531,535273
8532,268736
8533,4730658
8534,9630473
8535,437115
8536,9964904
8537,3374537
8538,299711
8539,9853494
8540,1679475
8541,1726566
8542,5442313
8543,531455
8544,1087256
8545,4773266
8546,4037140
8547,46732
8548,7119986
8549,3332618
8550,5268859
8551,6504328
8552,2936869
8553,5670856
8554,5338724
8555,3286901
8556,4497478
8557,4332290
8558,69929
8559,9709030
8560,3219318
8561,2983433
8562,9567595
8563,561170
8564,164704
8565,4805888
8566,4950047
8567,3874059
8568,8566824
8569,1491829
8570,4958226
8571,8223588
8572,5483489
8573,6078603
8574,267771
8575,7831628
8576,7606302
8577,9437597
8578,1999835
8579,8740342
8580,7362669
8581,9218288
8582,7017656
8583,4248062
8584,4510907
8585,503207
8586,778733
8587,5759353
8588,6063399
8589,5882686
8590,5610613
8591,9735621
8592,6085957
8593,7444762
8594,7949709
8595,128778
8596,4020721
8597,3132713
8598,9176056
8599,8874646
8600,8387225
8601,1257719
8602,2563106
8603,5105918
8604,8452242
8605,1787555
8606,2441028
8607,7738560
8608,4180911
8609,5024661
8610,5252550
8611,654145
8612,2693826
8613,9670480
8614,6888987
8615,8508016
8616,5835336
8617,9023759
8618,310473
8619,1350170
8620,3551822
8621,5838439
8622,6178793
8623,1368135
8624,1967200
8625,5791701
8626,7540220
8627,4041070
8628,6062181
8629,5089230
8630,1860822
8631,4997520
8632,1111998
8633,547587
8634,7543363
8635,7779982
8636,8304482
8637,1476896
8638,4684659
8639,2841112
8640,8072511
8641,4819725
8642,4998787
8643,3020808
8644,341895
8645,6414421
8646,3704492
8647,2689710
8648,3648558
8649,3081179
8650,5296703
8651,877410
8652,847354
8653,6975925
8654,8396267
8655,2236638
8656,5658624
8657,7686512
8658,1062496
8659,9664747
8660,8740981
8661,9979925
8662,2324206
8663,3600848
8664,5720659
8665,1573716
8666,4595573
8667,9791082
8668,9783006
8669,6725356
8670,335992
8671,3657355
8672,698616
8673,7912391
8674,2350755
8675,5160188
8676,8907571
8677,6390718
8678,9643797
8679,5002947
8680,245824
8681,7288638
8682,1930697
8683,7293282
8684,8344840
8685,2281705
8686,1676446
8687,2455150
8688,7844179
8689,9836066
8690,1364200
8691,7214487
8692,8450469
8693,7737251
8694,9492971
8695,5812350
8696,3249514
8697,7831863
8698,3170060
8699,1655163
8700,2563841
8701,8937717
8702,9390831
8703,5403600
8704,7966842
8705,3383443
8706,5107345
8707,8071867
8708,9686230
8709,3178589
8710,8417946
8711,3746320
8712,5061880
8713,6350175
8714,432430
8715,8548017
8716,5030227
8717,3005101
8718,4409830
8719,6344828
8720,5096891
8721,1009942
8722,5587621
8723,4533877
8724,5404695
8725,2978212
8726,1052503
8727,8247851
8728,3271990
8729,9375746
8730,6458284
8731,2998384
8732,9369547
8733,19043
8734,8223802
8735,308359
8736,685350
8737,383446
8738,8131671
8739,6483044
8740,9907493
8741,1009125
8742,7652454
8743,466205
8744,9586039
8745,9624903
8746,1481073
8747,1999977
8748,6450117
8749,4657174
8750,3250619
8751,6898481
8752,7635706
8753,5558701
8754,2715601
8755,606473
8756,9114775
8757,8706996
8758,4050292
8759,8517456
8760,2619484
8761,9772106
8762,1755527
8763,7164636
8764,2769384
8765,3496835
8766,4985603
8767,2217147
8768,7705691
8769,5704642
8770,9730344
8771,3876545
8772,461154
8773,9498414
8774,8145309
8775,6632021
8776,4846931
8777,6699841
8778,2810057
8779,1521660
8780,5827141
8781,3692863
8782,2385362
8783,9257328
8784,3679517
8785,5363325
8786,3282862
8787,8095364
8788,5735270
8789,2704525
8790,5488831
8791,2664960
8792,4463005
8793,1071274
8794,1546191
8795,1760263
8796,778100
8797,6666364
8798,7117065
8799,5855540
8800,8355731
8801,1204054
8802,7688664
8803,5169005
8804,5896057
8805,3731980
8806,7635004
8807,3651642
8808,875557
8809,2155761
8810,7343762
8811,4320115
8812,5238355
8813,1869172
8814,8521424
8815,3224711
8816,3565827
8817,615421
8818,3115749
8819,4023814
8820,3604419
8821,4993892
8822,7430043
8823,3356612
8824,1631700
8825,1900449
8826,6432668
8827,1966672
8828,9438235
8829,7675869
8830,1963666
8831,2213323
8832,1212895
8833,7133755
8834,5731665
8835,197955
8836,1138830
8837,6214696
8838,160145
8839,2438820
8840,9324872
8841,3013661
8842,8380741
8843,3472243
8844,1796307
8845,9482280
8846,5083153
8847,2632654
8848,4680497
8849,6507624
8850,7718933
8851,3429388
8852,7714419
8853,9264507
8854,4127102
8855,8026737
8856,6242102
8857,5886230
8858,929452
8859,2634715
8860,2887029
8861,7776300
8862,8128557
8863,3473987
8864,8094599
8865,8381513
8866,7464561
8867,2932058
8868,8814951
8869,6686114
8870,181935
8871,6687264
8872,5380862
8873,635013
8874,7801516
8875,6009434
8876,3712192
8877,3129803
8878,1699165
8879,2482053
8880,2663518
8881,8619407
8882,722672
8883,4163345
8884,8448114
8885,884099
8886,6322664
8887,8271116
8888,8780431
8889,6925232
8890,6463260
8891,186081
8892,9272040
8893,204149
8894,1880117
8895,3945
8896,6053085
8897,3182121
8898,8904814
8899,7476556
8900,4771779
8901,2917106
8902,6060317
8903,9236205
8904,8455690
8905,2784665
8906,7179862
8907,5861876
8908,6220124
8909,1393503
8910,7531980
8911,4711258
8912,4002966
8913,9834856
8914,9816195
8915,6625728
8916,8433357
8917,9910896
8918,9864567
8919,1564576
8920,2614591
8921,6295309
8922,7281900
8923,4143451
8924,9789140
8925,3866671
8926,2652528
8927,6552631
8928,1117678
8929,9147949
8930,4031220
8931,6672729
8932,8895071
8933,3061845
8934,4473324
8935,6794381
8936,2803403
8937,8105320
8938,6692316
8939,4393432
8940,8771799
8941,2511238
8942,6407817
8943,327809
8944,544852
8945,8822037
8946,7814268
8947,3785920
8948,3963540
8949,7815791
8950,4380223
8951,5243848
8952,4722397
8953,7465910
8954,2087544
8955,1687168
8956,2183815
8957,5218233
8958,3286489
8959,7261899
8960,7837690
8961,2295864
8962,8619461
8963,7049395
8964,255588
8965,8607873
8966,8714455
8967,9517832
8968,1843769
8969,190441
8970,8400792
8971,6630028
8972,1599395
8973,6067382
8974,7602428
8975,4454040
8976,1122536
8977,445261
8978,2630636
8979,1806298
8980,741105
8981,8679235
8982,4213873
8983,4588863
8984,8339406
8985,9585583
8986,4193220
8987,4050910
8988,6678162
8989,192242
8990,3046601
8991,645325
8992,6136089
8993,1209054
8994,5409969
8995,1512950
8996,971289
8997,1105881
8998,6923985
8999,6671715
9000,8940477
9001,2062140
9002,1030477
9003,6667274
9004,5761153
9005,5990701
9006,2288981
9007,2113929
9008,6324856
9009,7354501
9010,7046190
9011,6309039
9012,5358677
9013,694024
9014,2993267
9015,1484957
9016,8252302
9017,6157837
9018,1151686
9019,7086418
9020,8958213
9021,99527
9022,6075752
9023,3061736
9024,3045699
9025,5778899
9026,2050492
9027,5090039
9028,711187
9029,9103615
9030,2203936
9031,858899
9032,698221
9033,9635230
9034,1800725
9035,5248527
9036,6313194
9037,9065390
9038,1771187
9039,7260627
9040,4207764
9041,8672006
9042,8304450
9043,4625457
9044,9777032
9045,7511205
9046,6190496
9047,559473
9048,5414997
9049,2875872
9050,5834776
9051,7316644
9052,6112396
9053,9484031
9054,2166597
9055,6098574
9056,7322546
9057,6404344
9058,8009341
9059,3418888
9060,6886839
9061,2509489
9062,8752808
9063,2889824
9064,9593275
9065,3236995
9066,2321859
9067,3770114
9068,7604592
9069,3289143
9070,9672309
9071,8186020
9072,814309
9073,5725608
9074,1607552
9075,4856116
9076,4162488
9077,1192348
9078,5131040
9079,638214
9080,2333953
9081,6616441
9082,2788057
9083,4159123
9084,8076409
9085,8392777
9086,3926265
9087,9579538
9088,5292298
9089,298938
9090,3414965
9091,9349198
9092,8634265
9093,3850623
9094,2454029
9095,1463480
9096,2967564
9097,4649467
9098,4354397
9099,8878720
9100,4414236
9101,7183962
9102,9101653
9103,7563747
9104,4191976
9105,4651470
9106,5337531
9107,7600995
9108,5018669
9109,7038496
9110,7771396
9111,7948296
9112,4628909
9113,5400176
9114,5439968
9115,8173336
9116,1284587
9117,4592772
9118,4304664
9119,3165222
9120,8373838
9121,3171297
9122,6936027
9123,6091743
9124,1337110
9125,9962603
9126,8868880
9127,780274
9128,5490656
9129,7001442
9130,5768333
9131,6926242
9132,4360501
9133,431130
9134,3225579
9135,7522135
9136,7669612
9137,8707771
9138,1059536
9139,5146578
9140,6000443
9141,9433815
9142,4416475
9143,1627993
9144,4348766
9145,626480
9146,1174192
9147,5161489
9148,2193904
9149,6324242
9150,5724190
9151,1957806
9152,3316676
9153,3662656
9154,3691568
9155,8030777
9156,6110543
9157,6732141
9158,5754720
9159,2624688
9160,916840
9161,2777623
9162,2169299
9163,5183225
9164,1589640
9165,1653671
9166,6010462
9167,2297412
9168,7475420
9169,2401378
9170,3369175
9171,2828880
9172,9988461
9173,5398385
9174,3992836
9175,3600717
9176,2992821
9177,1343462
9178,7076105
9179,3412328
9180,2140138
9181,1966455
9182,3828252
9183,2970693
9184,622812
9185,3829734
9186,1309353
9187,8806417
9188,7290771
9189,9325985
9190,9726010
9191,5731343
9192,3698357
9193,3984916
9194,5620415
9195,7547054
9196,3905443
9197,6674787
9198,1069756
9199,5463214
9200,4947114
9201,5442489
9202,549615
9203,8511076
9204,3015041
9205,4500722
9206,8946148
9207,2413138
9208,7457298
9209,8824931
9210,7101924
9211,1712871
9212,2076966
9213,9152742
9214,6545344
9215,9124788
9216,524982
9217,6711855
9218,4677667
9219,9974475
9220,5390304
9221,6838995
9222,9380175
9223,3629179
9224,429295
9225,1203136
9226,2798658
9227,9716871
9228,3468188
9229,1743593
9230,6643791
9231,6040940
9232,6788627
9233,8711375
9234,2039762
9235,1868252
9236,7808383
9237,4764660
9238,4360230
9239,7542067
9240,7883010
9241,6649777
9242,199341
9243,7207032
9244,3117114
9245,802977
9246,2525837
9247,4100959
9248,9634275
9249,7455517
9250,2139834
9251,5840741
9252,9857987
9253,6737593
9254,6234252
9255,2365798
9256,4642754
9257,8482323
9258,4413582
9259,1218996
9260,7981515
9261,8410225
9262,4326912
9263,1868398
9264,2300222
9265,8479056
9266,6841602
9267,398924
9268,3350302
9269,7608291
9270,3316858
9271,7512179
9272,3746407
9273,6556464
9274,5059155
9275,3790643
9276,9280650
9277,2004714
9278,5953062
9279,4832817
9280,9358673
9281,8924646
9282,1423219
9283,7376013
9284,9848576
9285,3718145
9286,2053159
9287,3605673
9288,9924599
9289,3006182
9290,7504335
9291,5300032
9292,3012571
9293,7375094
9294,6278167
9295,8091139
9296,9830795
9297,3783078
9298,811427
9299,7776296
9300,308609
9301,4439762
9302,1725185
9303,9922429
9304,4008604
9305,9421366
9306,4518440
9307,5600351
9308,8755983
9309,6776152
9310,6497346
9311,3652974
9312,6097794
9313,1604079
9314,3331939
9315,5256817
9316,2067421
9317,5841698
9318,3779487
9319,3364768
9320,6713243
9321,7913041
9322,1543401
9323,5561499
9324,8053222
9325,9077201
9326,8456049
9327,4131407
9328,3422831
9329,296201
9330,6515175
9331,9935869
9332,5066577
9333,5938889
9334,5595496
9335,8503099
9336,6433509
9337,4327483
9338,7465830
9339,7507746
9340,4626034
9341,9261908
9342,8562177
9343,5869433
9344,950466
9345,5188285
9346,4575500
9347,3758372
9348,7130597
9349,5798926
9350,8191007
9351,9830648
9352,8886444
9353,5186650
9354,5770785
9355,166112
9356,1855711
9357,6476290
9358,754124
9359,3918806
9360,4397672
9361,5540400
9362,9108313
9363,1934335
9364,7495641
9365,1202525
9366,1925931
9367,1760371
9368,4326119
9369,2444052
9370,3832522
9371,5789587
9372,1164552
9373,6012372
9374,7526923
9375,2638504
9376,5648717
9377,4463208
9378,9096401
9379,5437653
9380,1125857
9381,9335334
9382,671442
9383,9184666
9384,5404874
9385,8269599
9386,9573464
9387,4795579
9388,6378692
9389,6814150
9390,2594667
9391,6530388
9392,9356446
9393,6691423
9394,5672177
9395,8586530
9396,1812508
9397,4267844
9398,7102152
9399,1403327
9400,2889718
9401,4845223
9402,9654383
9403,5025838
9404,4035774
9405,7730305
9406,1022281
9407,611260
9408,7601830
9409,4487954
9410,8236796
9411,9868844
9412,4201691
9413,8548567
9414,2089884
9415,5264419
9416,9670637
9417,7227206
9418,303415
9419,118415
9420,745967
9421,7919155
9422,6949208
9423,7803037
9424,3704502
9425,6827906
9426,9891284
9427,8387364
9428,8339723
9429,279446
9430,5708185
9431,2025642
9432,1266332
9433,6915290
9434,7820932
9435,8887377
9436,5869883
9437,4190153
9438,9563799
9439,7372650
9440,9224312
9441,7371417
9442,2206218
9443,2829767
9444,4966001
9445,2250522
9446,8384181
9447,992520
9448,5369508
9449,5099375
9450,1947893
9451,6500245
9452,317763
9453,9762631
9454,1336168
9455,9080057
9456,1067349
9457,1805738
9458,3865234
9459,6259906
9460,9311891
9461,3600839
9462,3531797
9463,1618025
9464,5617209
9465,8420325
9466,96602
9467,9133530
9468,9063539
9469,3278765
9470,3875914
9471,9621631
9472,120867
9473,3999315
9474,728276
9475,3527891
9476,4200931
9477,2826487
9478,1202398
9479,7688628
9480,5666581
9481,5523423
9482,8655801
9483,8818083
9484,1135073
9485,3310924
9486,9005303
9487,5275013
9488,7096203
9489,3762349
9490,6421424
9491,9547509
9492,769005
9493,8269851
9494,6407797
9495,2062465
9496,2399961
9497,12164
9498,1813614
9499,1829285
9500,2350592
9501,3005645
9502,4488181
9503,5526630
9504,7628824
9505,2346197
9506,7981983
9507,4076025
9508,6043274
9509,1472173
9510,1209159
9511,2832495
9512,4484152
9513,2235001
9514,9593440
9515,4523450
9516,759774
9517,3760800
9518,7362886
9519,7830819
9520,9810762
9521,8044526
9522,9571938
9523,542726
9524,5455875
9525,215069
9526,2717124
9527,9642575
9528,4325730
9529,1902868
9530,1199120
9531,5835003
9532,2971246
9533,7406946
9534,2679103
9535,5507902
9536,8222766
9537,5881005
9538,5652718
9539,5737606
9540,4929752
9541,94580
9542,8229856
9543,3253951
9544,4020685
9545,7630420
9546,6903358
9547,2390168
9548,9085044
9549,9662574
9550,4942610
9551,3929705
9552,1273206
9553,5161891
9554,8558599
9555,1251278
9556,20907
9557,5029206
9558,8230746
9559,926127
9560,2444226
9561,3408616
9562,2767727
9563,5969181
9564,6660396
9565,9044643
9566,3942858
9567,6224492
9568,7236870
9569,9528990
9570,1070000
9571,1329774
9572,7358176
9573,2251961
9574,3357844
9575,9937140
9576,1191183
9577,4073509
9578,4406185
9579,4047550
9580,7860661
9581,4553636
9582,7669020
9583,6717100
9584,7630287
9585,4870055
9586,402314
9587,21064
9588,6356547
9589,1706180
9590,3189347
9591,2504242
9592,7830176
9593,1942096
9594,5636305
9595,8862423
9596,2672487
9597,8130329
9598,9375134
9599,8779963
9600,2381538
9601,2541008
9602,9756351
9603,1922693
9604,6562824
9605,5573001
9606,8311367
9607,445581
9608,9931280
9609,9351583
9610,6505016
9611,6954749
9612,4224547
9613,5942004
9614,1325799
9615,8384347
9616,966185
9617,4161245
9618,8901831
9619,6404805
9620,192944
9621,7362818
9622,6295309
9623,6250158
9624,1794917
9625,3323149
9626,5688713
9627,8438761
9628,9325104
9629,496494
9630,9483941
9631,6058290
9632,7153605
9633,876436
9634,884679
9635,2205588
9636,3165677
9637,7085787
9638,4671454
9639,2335319
9640,7482293
9641,9199940
9642,11106
9643,7054571
9644,2307112
9645,1807151
9646,513556
9647,4886775
9648,9122353
9649,831146
9650,5409716
9651,4365102
9652,5023894
9653,2138440
9654,8954535
9655,5146497
9656,6223917
9657,3859048
9658,8605882
9659,6139905
9660,8848164
9661,934984
9662,8637351
9663,936184
9664,3328902
9665,2720056
9666,971060
9667,424788
9668,3374270
9669,4631846
9670,5386585
9671,7415903
9672,6279575
9673,8370971
9674,1164177
9675,4170508
9676,5720624
9677,2346670
9678,7025505
9679,6880692
9680,7212541
9681,7630031
9682,6216264
9683,8716454
9684,4883978
9685,2362569
9686,2330417
9687,8303271
9688,5780496
9689,3343123
9690,9404068
9691,3629971
9692,668424
9693,509468
9694,2567818
9695,2663494
9696,9317664
9697,7260464
9698,7844747
9699,2118154
9700,6001035
9701,4243719
9702,1604646
9703,3923172
9704,7183218
9705,3135232
9706,5932046
9707,8408040
9708,9357274
9709,1123762
9710,286441
9711,9427757
9712,3635835
9713,3482646
9714,2111007
9715,2374057
9716,330041
9717,5519436
9718,4043382
9719,9938914
9720,175254
9721,5983330
9722,3357043
9723,8379859
9724,9287128
9725,9014363
9726,6050743
9727,3736470
9728,3411835
9729,5937859
9730,3718063
9731,5005715
9732,849054
9733,6526106
9734,5295124
9735,4460765
9736,5074852
9737,1881698
9738,3270101
9739,6717672
9740,1337061
9741,3796204
9742,3660764
9743,1450894
9744,2956499
9745,7944591
9746,195086
9747,1956004
9748,429972
9749,9544239
9750,7101074
9751,3535949
9752,8435357
9753,882103
9754,302016
9755,9268399
9756,2165932
9757,7493059
9758,657667
9759,5397269
9760,563528
9761,1244647
9762,6472775
9763,3158359
9764,8470139
9765,931012
9766,3953666
9767,6463160
9768,7005927
9769,9276270
9770,7368989
9771,7666343
9772,9109009
9773,3774956
9774,5933284
9775,9258064
9776,975334
9777,4945797
9778,6712474
9779,7715946
9780,1264544
9781,4494829
9782,5538679
9783,3750311
9784,5802179
9785,1018987
9786,8504610
9787,4814819
9788,4813480
9789,1183564
9790,5761563
9791,2814228
9792,7795060
9793,8380775
9794,154632
9795,6769867
9796,3151511
9797,2070407
9798,2212831
9799,4282712
9800,5162215
9801,4572268
9802,5339336
9803,1995313
9804,9728014
9805,4301036
9806,8588864
9807,9318474
9808,7838025
9809,7644433
9810,5598769
9811,5327767
9812,7460896
9813,710761
9814,4665360
9815,5061613
9816,509959
9817,7979238
9818,1524092
9819,8858521
9820,9239924
9821,1126203
9822,4135136
9823,4594234
9824,7559607
9825,5704176
9826,1195735
9827,9440974
9828,8614244
9829,1921694
9830,9904521
9831,4940713
9832,7498703
9833,5405051
9834,9582234
9835,1206203
9836,8999776
9837,8339015
9838,4755660
9839,2193897
9840,8018646
9841,3247099
9842,1659696
9843,2578105
9844,7860854
9845,3627046
9846,9471171
9847,8401332
9848,8983841
9849,9628496
9850,5247712
9851,4069686
9852,2859113
9853,3099405
9854,8236396
9855,7967734
9856,5528323
9857,2429212
9858,5058173
9859,9117765
9860,7695430
9861,6842322
9862,7142782
9863,9893377
9864,6159643
9865,1442720
9866,3339461
9867,7385026
9868,4973135
9869,8697894
9870,6598449
9871,1239039
9872,3266588
9873,6325735
9874,8971431
9875,1146580
9876,1972768
9877,1168026
9878,7332974
9879,66836
9880,9421609
9881,5564829
9882,5397812
9883,9201009
9884,581997
9885,4544353
9886,3277476
9887,7081461
9888,9159263
9889,4180687
9890,9833299
9891,5929810
9892,9936884
9893,7056736
9894,6337596
9895,3315163
9896,3929717
9897,2657511
9898,7772960
9899,4734776
9900,8991763
9901,2885448
9902,6098383
9903,1249775
9904,186891
9905,5701817
9906,2561804
9907,1794163
9908,8708084
9909,1682079
9910,3083072
9911,7891883
9912,4729213
9913,9956477
9914,4465611
9915,6434668
9916,3301963
9917,128164
9918,4469699
9919,2876655
9920,2003082
9921,3394375
9922,6617478
9923,6497805
9924,5075426
9925,1089106
9926,2333204
9927,2615004
9928,3050186
9929,162659
9930,7369311
9931,7702972
9932,8505892
9933,9599025
9934,8468463
9935,3497917
9936,8732316
9937,214473
9938,1021075
9939,904699
9940,1932266
9941,1397899
9942,7054313
9943,7507485
9944,8191304
9945,733709
9946,7975237
9947,7476457
9948,7621622
9949,1840611
9950,6800135
9951,7916525
9952,9379972
9953,7704507
9954,3387752
9955,6354046
9956,3440307
9957,9777654
9958,9506898
9959,4904805
9960,370223
9961,4745999
9962,5936882
9963,8853677
9964,7315243
9965,4186025
9966,4257195
9967,9179486
9968,616558
9969,3654331
9970,3567771
9971,3571739
9972,704936
9973,8772300
9974,6630856
9975,2932386
9976,4967220
9977,6502006
9978,9630313
9979,3577904
9980,6061928
9981,2584062
9982,8670325
9983,6254146
9984,2269749
9985,9502607
9986,2934173
9987,9243557
9988,7552319
9989,5219837
9990,8063320
9991,188574
9992,1834836
9993,9767622
9994,7761306
9995,8496919
9996,1184136
9997,629563
9998,1165834
9999,8687307
