ACCOUNT_ID,BALANCE_CENTS
0,5285815
1,4303880
2,5892362
3,5349509
4,4112250
5,122150
6,12142651
7,-1193000
8,899819
9,6700827
10,2040728
11,3434806
12,3015492
13,1896583
14,5167031
15,7635282
16,2475556
17,4404281
18,8798398
19,3572559
20,8340921
21,4247556
22,4417342
23,8156375
24,3230970
25,8180327
26,8251607
27,5254736
28,6509956
29,6215145
30,9436252
31,-1066242
32,5525931
33,11773408
34,334060
35,7472970
36,11293774
37,5204031
38,9727671
39,4610858
40,9960312
41,6445844
42,9546112
43,10647935
44,377139
45,8850980
46,7833960
47,3987883
48,3116457
49,9693902
50,12356846
51,4161770
52,74788
53,7224856
54,5977108
55,9191530
56,2596819
57,2605819
58,12091964
59,7461496
60,7635603
61,2546516
62,1923505
63,1842125
64,5470980
65,2265414
66,11947341
67,12406874
68,11241643
69,7292020
70,3526748
71,6253651
72,11428135
73,6909119
74,6730232
75,10332188
76,11682070
77,6160695
78,6045680
79,6064295
80,-98706
81,7156628
82,4226236
83,8453163
84,342372
85,7516340
86,4558175
87,4205811
88,2597572
89,6758754
90,6784135
91,5354015
92,2828413
93,10187483
94,5255578
95,7798929
96,2730119
97,6754406
98,10123460
99,6814276
100,10348576
101,808692
102,8142951
103,4354391
104,8684939
105,7084174
106,2812373
107,5221297
108,5461231
109,4458185
110,2589869
111,-72973
112,6453506
113,8194112
114,11581307
115,5609487
116,9807121
117,854468
118,1457887
119,3164496
120,6545090
121,748964
122,4224653
123,6954541
124,3308164
125,3786285
126,1393898
127,4854896
128,4512503
129,8387604
130,3184121
131,4444800
132,2308612
133,6990071
134,1465343
135,4823890
136,-335523
137,7140284
138,8299595
139,774534
140,2075103
141,8211376
142,6549971
143,10188628
144,3096157
145,10731332
146,2882937
147,9920465
148,1390689
149,1759607
150,989617
151,6019854
152,8556418
153,8620485
154,7451478
155,7697280
156,4938716
157,8263554
158,8037871
159,2218811
160,4950195
161,5285392
162,6451143
163,9332800
164,10100258
165,2268055
166,1795500
167,8188578
168,5351646
169,1937647
170,3478376
171,7833376
172,1845660
173,6341712
174,7419532
175,2491365
176,8080791
177,1276676
178,2587721
179,8619852
180,8895241
181,5403691
182,5018254
183,1828784
184,9935052
185,5917108
186,4696227
187,8122932
188,4971732
189,7279842
190,-609237
191,3737318
192,2558042
193,2404449
194,8773355
195,729599
196,254387
197,4141526
198,5250769
199,11584703
200,7145212
201,2407743
202,6056140
203,8475619
204,3857219
205,9259369
206,1076179
207,10731211
208,8917365
209,3122737
210,4681801
211,3559822
212,7538477
213,11034413
214,6643811
215,6780942
216,3391644
217,1552570
218,2801375
219,6529834
220,8708220
221,9556750
222,7598710
223,10241762
224,5230710
225,5837246
226,914310
227,-216213
228,8950531
229,9839222
230,7650106
231,8353459
232,10394431
233,4671009
234,5911820
235,3162686
236,11461711
237,9147042
238,5929403
239,13109038
240,10898813
241,11239950
242,7092780
243,5235847
244,3976138
245,4438591
246,2776201
247,6264456
248,5064746
249,7752400
250,5012224
251,574076
252,6529364
253,7271225
254,2284581
255,4362215
256,5482433
257,3891869
258,2683129
259,5334282
260,10353902
261,4789218
262,9187405
263,6573747
264,9788457
265,8017342
266,6278502
267,5268075
268,7643160
269,5973763
270,3501161
271,3191573
272,5064120
273,6350675
274,2664249
275,3698693
276,5792237
277,8162684
278,7530542
279,7161386
280,2730933
281,10511132
282,5981160
283,776723
284,3987092
285,8779804
286,-467479
287,5838419
288,7405938
289,1636053
290,4092160
291,968988
292,-781602
293,5172292
294,6056089
295,1536231
296,5730753
297,7063561
298,9933503
299,1930527
300,553550
301,1202312
302,467737
303,4444476
304,12309441
305,7784937
306,2256364
307,6958039
308,2911148
309,5610424
310,5346317
311,5939915
312,7667911
313,10251429
314,187665
315,6767203
316,4892292
317,11633632
318,8550038
319,5815966
320,2064024
321,144904
322,-557776
323,12006282
324,2905394
325,2048500
326,10033770
327,5942766
328,1726120
329,742706
330,8416961
331,1033592
332,4101001
333,5048836
334,-857132
335,13126114
336,3003759
337,1728798
338,6355608
339,2961993
340,10066274
341,8797839
342,1642539
343,1151255
344,3185918
345,6081296
346,3121643
347,5047016
348,1904494
349,2570202
350,2814402
351,9779986
352,2164723
353,3129909
354,6409612
355,6743017
356,4866516
357,5431493
358,7728145
359,6890134
360,2897157
361,267369
362,7155674
363,8006348
364,10975256
365,5813508
366,3557574
367,-99944
368,8357690
369,4065599
370,2833038
371,5313549
372,275624
373,9350312
374,1867052
375,7340262
376,10178517
377,7335286
378,9733925
379,1481247
380,3474160
381,9095219
382,549326
383,8922213
384,1552216
385,7681538
386,-240046
387,5029119
388,5248445
389,4965729
390,-864775
391,4855584
392,5431219
393,6486853
394,-897147
395,9395526
396,6115899
397,11751514
398,311130
399,4572173
400,5569351
401,12782026
402,11535952
403,-82519
404,2023968
405,4525681
406,8969691
407,5111645
408,6276747
409,5860952
410,449151
411,4074141
412,3387872
413,2801319
414,1411569
415,9872077
416,-1804691
417,11237526
418,-1395203
419,5358
420,2224413
421,1032977
422,3895460
423,6623274
424,9755045
425,2988173
426,11786351
427,5870793
428,-6947
429,1748240
430,5659829
431,5367224
432,6147845
433,4711563
434,1953830
435,3091505
436,7005088
437,1051439
438,11817705
439,6314088
440,1845668
441,5812274
442,-470994
443,7306980
444,4955520
445,4973374
446,10500530
447,-646354
448,5664704
449,6629230
450,11846030
451,8764409
452,306858
453,1163700
454,3189465
455,7355420
456,11310976
457,8217004
458,3675768
459,5135474
460,-1694579
461,9369097
462,5418871
463,10334214
464,8160137
465,4940928
466,5820341
467,3898581
468,2803936
469,7683903
470,-836790
471,2471281
472,6056345
473,3210593
474,7051559
475,2885704
476,2630205
477,5362187
478,4669164
479,2227740
480,5521005
481,2140995
482,3218759
483,1411355
484,6811053
485,2140399
486,11910529
487,2920448
488,7345982
489,9407597
490,6318188
491,808854
492,232598
493,5816856
494,10456417
495,4290758
496,4380505
497,2209948
498,2070770
499,3191234
500,2994268
501,10002958
502,9532351
503,6093500
504,3926111
505,2052327
506,1369964
507,5043305
508,6918574
509,11458437
510,2951540
511,6165514
512,9691088
513,8186666
514,4323847
515,8931183
516,3134655
517,961477
518,-982424
519,-659211
520,963896
521,2558430
522,2471867
523,7733858
524,4065562
525,4418089
526,-797841
527,6677540
528,3610579
529,4343799
530,5491341
531,6519702
532,4397632
533,8237616
534,6798583
535,1014293
536,11077168
537,4570595
538,3503619
539,633896
540,4035630
541,11843410
542,8539018
543,7368017
544,9354291
545,6461794
546,5672365
547,407264
548,7878794
549,8456869
550,9562378
551,8688152
552,8672717
553,-968564
554,2405036
555,6031198
556,12231254
557,3678918
558,1972500
559,566236
560,2311800
561,4963882
562,6920064
563,10925595
564,3131173
565,9858114
566,8392157
567,1508064
568,2466556
569,3612165
570,9440355
571,4715908
572,7280367
573,3069337
574,5668174
575,7215031
576,3154052
577,-531761
578,9341435
579,3971003
580,4620784
581,9395056
582,62935
583,1840292
584,4197082
585,8225279
586,3092344
587,10517023
588,2861030
589,5498468
590,4578074
591,5012335
592,-724323
593,5263704
594,7369336
595,3748398
596,7059937
597,1500929
598,9577019
599,290816
600,6317451
601,-2472067
602,1372108
603,11244855
604,-2522594
605,8428936
606,3265949
607,6632572
608,7302058
609,10245149
610,203618
611,8030875
612,11703406
613,2543030
614,4030460
615,6009652
616,11463355
617,4488739
618,8154628
619,6666050
620,7360606
621,3421207
622,4662757
623,9175066
624,2725281
625,11982318
626,7056334
627,-1893522
628,4439549
629,12688898
630,8871951
631,2911085
632,3089556
633,4822860
634,7033920
635,3446529
636,3953572
637,4795525
638,4479229
639,7112924
640,7078122
641,9348088
642,4356507
643,4983002
644,9542702
645,8947661
646,10450424
647,6382308
648,5471197
649,3142192
650,3142243
651,9067730
652,5791413
653,-98643
654,7177555
655,5832619
656,10603220
657,5230001
658,10001628
659,2581821
660,-258803
661,6868600
662,5464325
663,7074940
664,7466460
665,9587473
666,10059753
667,-240450
668,1838565
669,7101821
670,3329472
671,6016708
672,2065806
673,4312479
674,12593616
675,11074694
676,537206
677,9108831
678,11486254
679,10140217
680,2614320
681,2944957
682,2220007
683,6619294
684,5447998
685,-1043291
686,11200333
687,5784556
688,8036750
689,9564511
690,2169859
691,2816103
692,3493891
693,5115694
694,2810015
695,7094804
696,2450955
697,2583737
698,6770551
699,2481859
700,5104108
701,10266270
702,9912300
703,3993586
704,9248487
705,2911598
706,6427567
707,6273935
708,11060626
709,4162647
710,12010550
711,6242156
712,6816001
713,11446937
714,3878016
715,3642477
716,8508207
717,12456739
718,2785170
719,5142332
720,5466198
721,6252111
722,3213426
723,1705956
724,5284443
725,10269761
726,7027637
727,7858270
728,3814130
729,-134446
730,383105
731,5363916
732,5353619
733,8524018
734,8658029
735,7554970
736,1575793
737,400917
738,5219387
739,5780456
740,5580478
741,3189281
742,6182301
743,5246000
744,12581962
745,2286650
746,8863097
747,6302108
748,8750287
749,2135742
750,-750751
751,5060795
752,710041
753,105158
754,7220065
755,9242751
756,741742
757,1570819
758,11647619
759,3101786
760,3232759
761,5374869
762,2040823
763,8299898
764,7218447
765,6998385
766,827032
767,8853886
768,9928425
769,6348561
770,9274122
771,1963163
772,9283243
773,8447093
774,12373838
775,8595608
776,13512036
777,807133
778,2416615
779,9565610
780,12733929
781,5088081
782,1552404
783,6597656
784,9589951
785,3853786
786,10709669
787,5604534
788,9014802
789,5030115
790,9481297
791,2682559
792,5912931
793,7179960
794,4916538
795,5311671
796,8599484
797,5481424
798,5650650
799,6334220
800,8024865
801,12772968
802,10788889
803,7808729
804,2363999
805,4749467
806,7121301
807,6223449
808,5870219
809,4810555
810,11399190
811,7622308
812,4352917
813,5938062
814,3804018
815,5836125
816,5480709
817,4369096
818,8099986
819,7049807
820,5387283
821,7021129
822,3771461
823,2740223
824,7807479
825,11152699
826,8796197
827,-4371451
828,6594978
829,4749073
830,2161836
831,8869144
832,6140885
833,-755434
834,3050635
835,8205047
836,7764693
837,8878241
838,8692360
839,8625589
840,2110312
841,9368244
842,7865877
843,8052993
844,7561357
845,598483
846,7162223
847,6685663
848,865715
849,907911
850,5227413
851,3810665
852,1068788
853,8775574
854,3529949
855,8169340
856,5591707
857,-1039421
858,2018864
859,8626234
860,8266471
861,10105324
862,800310
863,14043263
864,4633444
865,5901784
866,4726616
867,5352703
868,7873116
869,6385416
870,2100455
871,3824915
872,4899058
873,2788926
874,2799747
875,12965550
876,6909341
877,7631753
878,4070854
879,10065074
880,8377468
881,7007679
882,8501973
883,-39052
884,3976109
885,3706597
886,3515031
887,1756419
888,5195443
889,9208052
890,4612099
891,4506387
892,13753236
893,7975113
894,3986221
895,-324507
896,10488161
897,4322531
898,720441
899,2186064
900,6695268
901,3535396
902,6725935
903,10824292
904,4965577
905,-328626
906,6741333
907,9721033
908,6529619
909,2078186
910,8931748
911,8566837
912,6512758
913,3596864
914,4896420
915,1038323
916,5919042
917,8598915
918,8657811
919,8854590
920,6066485
921,2668455
922,1642894
923,5388082
924,6870866
925,10564286
926,3230593
927,5012100
928,4669757
929,11384697
930,2277484
931,6721009
932,6705220
933,8972654
934,3866826
935,5301647
936,5892026
937,5201442
938,5626678
939,2481961
940,6512078
941,10017618
942,4062294
943,1621061
944,-2033620
945,7475331
946,7265735
947,2939017
948,-148838
949,8399812
950,6466240
951,708441
952,9000324
953,3687232
954,4100634
955,10561437
956,8221464
957,9595600
958,2417546
959,8377414
960,988923
961,7228957
962,3745339
963,6318481
964,7682176
965,10537444
966,2563884
967,8601950
968,12636889
969,3947057
970,9801183
971,8372316
972,10547430
973,7469722
974,3770490
975,2283439
976,1384744
977,9152883
978,8883915
979,4791096
980,8703622
981,3645145
982,9582154
983,4936621
984,192109
985,13823719
986,6305663
987,242337
988,8685140
989,6135382
990,3527995
991,6934075
992,5237549
993,6511499
994,4189324
995,-1213247
996,153903
997,4949504
998,1505495
999,3923611
1000,6826342
1001,1454352
1002,3833358
1003,-2804649
1004,4603005
1005,8382674
1006,13172953
1007,7082367
1008,4285161
1009,10830272
1010,6373190
1011,9266842
1012,4147066
1013,8198580
1014,4351141
1015,8129795
1016,7264273
1017,1439937
1018,1682275
1019,9602654
1020,1809719
1021,5151205
1022,8770860
1023,2149903
1024,3490621
1025,-1510034
1026,9055390
1027,1885376
1028,1885278
1029,8310845
1030,14349442
1031,2204785
1032,4459408
1033,6251145
1034,2448718
1035,4094066
1036,7694073
1037,7907751
1038,11413450
1039,-1987876
1040,6698774
1041,6036749
1042,6732031
1043,10548997
1044,1542051
1045,8460496
1046,-1511851
1047,914109
1048,5828222
1049,6205315
1050,9083024
1051,1626541
1052,1720196
1053,4398972
1054,8294992
1055,5954149
1056,5011440
1057,806573
1058,2429405
1059,8744762
1060,12679997
1061,3605654
1062,8045763
1063,-1470156
1064,7943543
1065,7994864
1066,3626523
1067,120562
1068,2651220
1069,5503099
1070,7209663
1071,5015949
1072,5725825
1073,1926939
1074,7639428
1075,5480107
1076,4064771
1077,1762840
1078,9575770
1079,12657047
1080,5446965
1081,939272
1082,10713441
1083,7213474
1084,4692559
1085,10172751
1086,6410664
1087,-1409809
1088,10550959
1089,9802446
1090,4968758
1091,3420411
1092,2434808
1093,9681481
1094,1698877
1095,2590076
1096,5785884
1097,1135449
1098,2554289
1099,1823647
1100,5137464
1101,5039424
1102,350056
1103,5568745
1104,2842924
1105,4729808
1106,2547886
1107,10484762
1108,-95908
1109,3020976
1110,1992202
1111,3556034
1112,3522743
1113,3662556
1114,5394757
1115,121471
1116,7731214
1117,8031101
1118,9923664
1119,6412278
1120,2618761
1121,6979531
1122,12340479
1123,4667258
1124,-560766
1125,-31994
1126,-2070287
1127,9697040
1128,2687005
1129,4600382
1130,8608120
1131,13062097
1132,-1075854
1133,945214
1134,5906302
1135,5276543
1136,2979856
1137,3857278
1138,10568057
1139,10529449
1140,7570215
1141,7832011
1142,3271277
1143,6030203
1144,770410
1145,6138264
1146,4207749
1147,8447394
1148,4034846
1149,5437967
1150,4040038
1151,345471
1152,8818894
1153,8812533
1154,-80098
1155,2850557
1156,8210011
1157,8993334
1158,5214392
1159,5128888
1160,8364401
1161,9259706
1162,5089716
1163,11578409
1164,7235077
1165,5211006
1166,3559223
1167,11348507
1168,6886898
1169,1682963
1170,663103
1171,1107544
1172,2489679
1173,7460651
1174,4867846
1175,8625886
1176,3341386
1177,-1964327
1178,8109545
1179,5241798
1180,10742978
1181,8440567
1182,10423323
1183,6018740
1184,1625275
1185,8784229
1186,6889638
1187,3857808
1188,9220126
1189,4086986
1190,-251860
1191,6695532
1192,6808120
1193,-667673
1194,10782543
1195,7947331
1196,6628730
1197,2663645
1198,8052510
1199,10365358
1200,5044401
1201,9401659
1202,6959462
1203,379471
1204,150120
1205,5593567
1206,1993904
1207,6562172
1208,4779568
1209,5860863
1210,2116085
1211,10387818
1212,10949870
1213,10807783
1214,5041038
1215,7534891
1216,6802971
1217,1101369
1218,4382658
1219,-344074
1220,1551080
1221,2798179
1222,6028959
1223,7694591
1224,1784868
1225,1948255
1226,-286777
1227,1200261
1228,5231068
1229,7341820
1230,8452916
1231,6441559
1232,6180958
1233,7826537
1234,3221513
1235,8202509
1236,7240342
1237,8023877
1238,12107377
1239,7085971
1240,339436
1241,13214931
1242,3043559
1243,6858885
1244,3449064
1245,5911878
1246,-1409445
1247,5719703
1248,7160416
1249,11695417
1250,10725555
1251,6451084
1252,6375219
1253,8661767
1254,6658905
1255,9482437
1256,11784839
1257,9039024
1258,7193444
1259,7324785
1260,8154030
1261,-200235
1262,10253024
1263,5372665
1264,7346003
1265,-931968
1266,7684378
1267,6782767
1268,7693070
1269,2744468
1270,8210165
1271,5331809
1272,11002950
1273,4103431
1274,10142771
1275,9507446
1276,310972
1277,10919654
1278,7213523
1279,2106506
1280,8587188
1281,10402795
1282,2808474
1283,860872
1284,932746
1285,5103400
1286,223061
1287,3072774
1288,8447981
1289,3904711
1290,3862381
1291,6388206
1292,7676495
1293,2663324
1294,2608392
1295,3397821
1296,1470073
1297,6112476
1298,7686559
1299,2667956
1300,8475431
1301,7675231
1302,9252546
1303,3997796
1304,-1973278
1305,8712975
1306,4788272
1307,11762809
1308,1996807
1309,365710
1310,-1231661
1311,4837504
1312,6129393
1313,3294428
1314,1843189
1315,7653716
1316,1335621
1317,4312825
1318,3392191
1319,5597113
1320,2015557
1321,3600121
1322,1522576
1323,2985198
1324,12509124
1325,5291629
1326,-921930
1327,1108139
1328,3898280
1329,4240919
1330,2139806
1331,4061811
1332,9964674
1333,6056746
1334,9693517
1335,9282176
1336,9539339
1337,7229749
1338,-568724
1339,6850672
1340,1171011
1341,7097853
1342,2731940
1343,6565574
1344,5812094
1345,6509776
1346,7065576
1347,12157224
1348,6138382
1349,715314
1350,1921034
1351,9106964
1352,1147669
1353,10956129
1354,3889896
1355,3160905
1356,2613082
1357,4232420
1358,10855445
1359,2045154
1360,10598021
1361,8489841
1362,2201381
1363,5394079
1364,4507174
1365,8861458
1366,8601811
1367,2918092
1368,4076339
1369,4266302
1370,2598139
1371,8318696
1372,2170469
1373,4822068
1374,-2340826
1375,6839624
1376,1007387
1377,9418978
1378,2194069
1379,9331058
1380,2014859
1381,-1203476
1382,6221460
1383,4581512
1384,7229638
1385,8285524
1386,11704706
1387,6175089
1388,8429032
1389,5191062
1390,1991731
1391,8823310
1392,3564764
1393,7822150
1394,3261366
1395,8590719
1396,11068101
1397,3293183
1398,6553045
1399,2082507
1400,4225342
1401,9776768
1402,9045427
1403,2957140
1404,4062933
1405,6917069
1406,4848917
1407,10576971
1408,12387511
1409,2689846
1410,6801645
1411,-1376475
1412,4864273
1413,9208008
1414,7643067
1415,5671573
1416,7191107
1417,8863275
1418,7419504
1419,7575880
1420,6184756
1421,8902599
1422,7577740
1423,2485940
1424,8089531
1425,4583654
1426,2246643
1427,6341827
1428,8515429
1429,11349825
1430,2912053
1431,5062079
1432,3046628
1433,5961646
1434,9705946
1435,7446454
1436,13400879
1437,9684825
1438,4573132
1439,1709882
1440,3045651
1441,9802470
1442,4826360
1443,2076069
1444,4176981
1445,8001562
1446,4155902
1447,4546519
1448,1309425
1449,11057236
1450,9921684
1451,4528864
1452,3519008
1453,6718935
1454,9332085
1455,4920327
1456,10100690
1457,9171095
1458,7929249
1459,11174020
1460,8646887
1461,7569852
1462,738603
1463,-141515
1464,7770679
1465,1451494
1466,7027892
1467,10683749
1468,4991066
1469,4321303
1470,1603302
1471,8588611
1472,6170673
1473,2311400
1474,1755684
1475,-2601626
1476,3882591
1477,3967400
1478,13192416
1479,5804691
1480,5559434
1481,8102997
1482,5703207
1483,2837337
1484,8370073
1485,9324126
1486,10146079
1487,4376094
1488,7455437
1489,7438540
1490,7264887
1491,1337726
1492,2516311
1493,1651476
1494,10049143
1495,3359292
1496,4195063
1497,3968079
1498,1460758
1499,7455061
1500,6282391
1501,10040154
1502,2608633
1503,4022463
1504,67496
1505,7224394
1506,196344
1507,6315303
1508,11315286
1509,4215050
1510,12083822
1511,9734521
1512,3818533
1513,1915359
1514,-836925
1515,4040519
1516,8576502
1517,5858490
1518,3002989
1519,8926311
1520,4316854
1521,6536597
1522,-251137
1523,5121322
1524,9092981
1525,-251154
1526,9446534
1527,9475745
1528,12414137
1529,7248902
1530,-1094394
1531,2803151
1532,4888595
1533,10048494
1534,253817
1535,7997755
1536,12039557
1537,1270872
1538,3359544
1539,-2627417
1540,5677740
1541,4084713
1542,5860715
1543,4904547
1544,9701714
1545,5954508
1546,1258591
1547,8267434
1548,8286913
1549,11594804
1550,8164757
1551,4193529
1552,8522484
1553,3067168
1554,7078844
1555,3468808
1556,-1758798
1557,7061074
1558,2470754
1559,7842902
1560,4233364
1561,6879588
1562,13342590
1563,5565372
1564,2331877
1565,4576591
1566,6205769
1567,9696308
1568,3958196
1569,2649282
1570,4180702
1571,11445149
1572,4302604
1573,1188363
1574,7131091
1575,-392840
1576,4535400
1577,9883733
1578,3474898
1579,4271409
1580,10908623
1581,2638962
1582,233582
1583,3564413
1584,4781456
1585,2192245
1586,9048292
1587,8587068
1588,3390191
1589,2177958
1590,5812640
1591,6843123
1592,6707268
1593,4494747
1594,4812152
1595,7149100
1596,3982110
1597,5322058
1598,5381246
1599,8430274
1600,822867
1601,5829766
1602,4663907
1603,4743657
1604,7716197
1605,9646891
1606,4765194
1607,3587049
1608,10342659
1609,6062524
1610,603226
1611,3681206
1612,1545681
1613,3399160
1614,803169
1615,8913068
1616,7316738
1617,4258285
1618,368
1619,1901521
1620,1498158
1621,11057838
1622,1677157
1623,860279
1624,8972498
1625,11691075
1626,3869410
1627,3781726
1628,1816408
1629,6464718
1630,338482
1631,2836537
1632,6792107
1633,1898957
1634,7322112
1635,11167876
1636,6341759
1637,3842167
1638,7937328
1639,9142341
1640,6891918
1641,1423021
1642,8354148
1643,6537840
1644,11336174
1645,10189262
1646,9869778
1647,8791263
1648,7178021
1649,4343340
1650,2166856
1651,7744340
1652,4222420
1653,6200737
1654,8608945
1655,6919471
1656,2040755
1657,4966752
1658,7454627
1659,12799500
1660,9245626
1661,2891472
1662,6757015
1663,2293605
1664,5827171
1665,10981342
1666,4250283
1667,6376237
1668,7507467
1669,8430764
1670,4499184
1671,10096652
1672,867235
1673,8851460
1674,930944
1675,5182064
1676,8946106
1677,2007030
1678,3394556
1679,6635421
1680,163202
1681,5261714
1682,800421
1683,2069379
1684,4918107
1685,-502232
1686,1899172
1687,3997457
1688,3922845
1689,8739286
1690,5329278
1691,5407094
1692,5859045
1693,1184506
1694,4172423
1695,-630429
1696,5824982
1697,7758507
1698,5358344
1699,746616
1700,4770158
1701,7156539
1702,3249141
1703,8921111
1704,5865201
1705,5199335
1706,4406018
1707,8044146
1708,3198787
1709,3309525
1710,9737965
1711,1208855
1712,8842150
1713,1820532
1714,7143366
1715,4474172
1716,1207365
1717,10763606
1718,7446892
1719,2457336
1720,11446984
1721,2603181
1722,8695044
1723,7491856
1724,4366313
1725,9331021
1726,4686183
1727,5567000
1728,8637837
1729,6148194
1730,12498548
1731,-246598
1732,2648740
1733,2917595
1734,7889129
1735,1742777
1736,5379343
1737,3974356
1738,7636409
1739,9960613
1740,7859520
1741,3295966
1742,7634843
1743,2033552
1744,5978949
1745,3030569
1746,6924048
1747,6129458
1748,6315060
1749,7490964
1750,5268963
1751,2943310
1752,2439691
1753,5581465
1754,2682178
1755,4635732
1756,-1453830
1757,-197796
1758,6015592
1759,5579392
1760,8687397
1761,6480877
1762,5396944
1763,11072583
1764,3188817
1765,-267101
1766,8086652
1767,9372960
1768,1453396
1769,8211729
1770,9051076
1771,3657986
1772,-2648916
1773,8329603
1774,3027532
1775,5359737
1776,3873547
1777,1404398
1778,-2150871
1779,8370986
1780,7874356
1781,14022263
1782,9456298
1783,5126800
1784,4632209
1785,11105566
1786,3311794
1787,3026670
1788,5453017
1789,7122015
1790,6359985
1791,6438283
1792,10726330
1793,5839495
1794,5843077
1795,6179852
1796,5899916
1797,6220734
1798,9551665
1799,2420684
1800,1608771
1801,10302195
1802,2946938
1803,9275993
1804,7491816
1805,4631255
1806,6877329
1807,7068118
1808,6592565
1809,12355670
1810,3198869
1811,-418577
1812,5008846
1813,3314351
1814,2320002
1815,1032879
1816,11484508
1817,1938044
1818,11189589
1819,2780838
1820,-548613
1821,5271656
1822,9119338
1823,2183905
1824,4855850
1825,4751701
1826,-410414
1827,4540397
1828,8069236
1829,2951998
1830,2526821
1831,1995596
1832,8275031
1833,6460997
1834,3246376
1835,3264829
1836,8117906
1837,4980948
1838,6434678
1839,1197732
1840,6013356
1841,2095934
1842,543779
1843,860731
1844,-1465300
1845,4300773
1846,8946773
1847,6279021
1848,3141978
1849,2687917
1850,381857
1851,2242857
1852,-1732867
1853,8114165
1854,3295504
1855,8230945
1856,3586176
1857,7052600
1858,5322990
1859,3555596
1860,8647535
1861,9830274
1862,9389262
1863,11832214
1864,10129760
1865,3687049
1866,991237
1867,11632963
1868,697984
1869,3940250
1870,4842680
1871,10205308
1872,381437
1873,7207675
1874,8215984
1875,3871733
1876,8784652
1877,9807915
1878,1372242
1879,7162348
1880,12093855
1881,7828824
1882,8441563
1883,6781973
1884,4443695
1885,6747420
1886,2183783
1887,4907103
1888,9222986
1889,7356493
1890,3737617
1891,5520738
1892,9867328
1893,10185518
1894,3181981
1895,2968930
1896,996154
1897,3710392
1898,1340050
1899,9178150
1900,2739396
1901,7657244
1902,12118314
1903,6649967
1904,5969863
1905,7417399
1906,7649141
1907,6968654
1908,3638864
1909,149004
1910,3766293
1911,4543406
1912,7159777
1913,8475808
1914,5919639
1915,5863809
1916,8426082
1917,9396222
1918,6630048
1919,6213494
1920,8633076
1921,5688772
1922,-1310366
1923,7655168
1924,3138663
1925,6226409
1926,2723461
1927,8540773
1928,4777289
1929,3125971
1930,2891671
1931,2128820
1932,1102186
1933,-1148921
1934,9500074
1935,7947257
1936,2399690
1937,9340647
1938,11157324
1939,5749008
1940,3121954
1941,4607370
1942,-1728243
1943,6231226
1944,1486795
1945,7691486
1946,3329625
1947,2327100
1948,4711029
1949,6407163
1950,2366322
1951,2045868
1952,4831287
1953,7584621
1954,6812801
1955,2876551
1956,903416
1957,4646708
1958,5910177
1959,540718
1960,10687750
1961,6146006
1962,4035767
1963,5107961
1964,4596011
1965,14070394
1966,3968253
1967,5525815
1968,-1945084
1969,5347311
1970,7527755
1971,9813582
1972,10922397
1973,833584
1974,7947817
1975,1364880
1976,3363371
1977,6299453
1978,1954005
1979,2986857
1980,3855700
1981,9473351
1982,6401687
1983,2497557
1984,6377629
1985,4456276
1986,1112976
1987,9227282
1988,10029900
1989,3659389
1990,4922747
1991,4732123
1992,6208043
1993,10315719
1994,5601483
1995,9135262
1996,15449
1997,4885652
1998,5993224
1999,2571624
2000,9767719
2001,5379376
2002,720124
2003,3233542
2004,3584398
2005,4696408
2006,11304260
2007,4166325
2008,12669273
2009,3488420
2010,4475480
2011,1466688
2012,7896041
2013,8564248
2014,1669551
2015,4854185
2016,2993228
2017,9080492
2018,8369654
2019,3195741
2020,9703782
2021,8211574
2022,6034478
2023,6257944
2024,6407653
2025,2941044
2026,6136030
2027,5746154
2028,9609175
2029,3214679
2030,4124534
2031,6313438
2032,6482791
2033,295619
2034,79755
2035,3880370
2036,9062648
2037,6445252
2038,8076297
2039,6332943
2040,-84295
2041,6884455
2042,8453853
2043,10213814
2044,2119038
2045,-80360
2046,7562809
2047,11493471
2048,7884294
2049,2061098
2050,5337018
2051,7394048
2052,9508085
2053,870907
2054,6507551
2055,3166697
2056,9355037
2057,2823436
2058,2194657
2059,6193697
2060,8324188
2061,9050963
2062,7672685
2063,11563723
2064,1838711
2065,1256469
2066,1018095
2067,3166221
2068,5931322
2069,3207834
2070,6489514
2071,-1164334
2072,1736049
2073,526167
2074,5687349
2075,-818204
2076,6027985
2077,1682012
2078,9270148
2079,5587165
2080,10174581
2081,10459076
2082,7564221
2083,3583316
2084,3405117
2085,1393725
2086,5185907
2087,6770653
2088,8452146
2089,4536734
2090,6443740
2091,10721266
2092,5230624
2093,5087554
2094,7784184
2095,1769713
2096,6967046
2097,1032921
2098,10251363
2099,6296708
2100,1970234
2101,7619342
2102,5985846
2103,12819896
2104,5266976
2105,-2353748
2106,10360486
2107,7184496
2108,10265260
2109,9213902
2110,1887622
2111,9972717
2112,2897995
2113,9478903
2114,2721182
2115,10256160
2116,6254416
2117,1036558
2118,11053869
2119,1094788
2120,3625507
2121,5979179
2122,4236370
2123,1738112
2124,9840145
2125,11763941
2126,1513301
2127,5818671
2128,7973579
2129,8134849
2130,3325108
2131,7971042
2132,10100126
2133,9240822
2134,9090253
2135,10911144
2136,8721851
2137,2880114
2138,6252968
2139,9841054
2140,127885
2141,6953746
2142,3719665
2143,2219137
2144,4693115
2145,15153816
2146,11170063
2147,7106830
2148,9322419
2149,578347
2150,13288573
2151,9415507
2152,5775705
2153,13695968
2154,5544960
2155,10585091
2156,2640719
2157,-3226713
2158,4498268
2159,2655610
2160,9323203
2161,8534353
2162,1786867
2163,2982438
2164,5679963
2165,9789450
2166,11652314
2167,10817554
2168,10707445
2169,-813453
2170,-179619
2171,569375
2172,6950264
2173,3382941
2174,7982159
2175,1536332
2176,3093338
2177,5377923
2178,10092416
2179,3502122
2180,9386177
2181,562843
2182,1676096
2183,5653094
2184,2959500
2185,1387961
2186,4706714
2187,6776824
2188,7447005
2189,2470900
2190,9532028
2191,5379398
2192,3065922
2193,5463278
2194,9213691
2195,8269358
2196,4814449
2197,8239001
2198,-1622940
2199,1582746
2200,5467817
2201,4570109
2202,8112201
2203,9789872
2204,6378943
2205,9739765
2206,9226454
2207,7496784
2208,10142991
2209,2461047
2210,8796281
2211,3642747
2212,-2840498
2213,4517475
2214,7040916
2215,5217257
2216,2370708
2217,-1904060
2218,3394727
2219,10183638
2220,3835062
2221,6507522
2222,-381270
2223,9312566
2224,2112623
2225,1119258
2226,2701497
2227,6118983
2228,10406587
2229,2430505
2230,7013541
2231,6611000
2232,1792434
2233,3939464
2234,4708444
2235,3376819
2236,10127318
2237,6960653
2238,8874258
2239,5256887
2240,7782129
2241,2845740
2242,8404026
2243,2245311
2244,1678645
2245,9186443
2246,5066474
2247,2540015
2248,313344
2249,6244199
2250,-568754
2251,6324915
2252,2875777
2253,5983919
2254,1403405
2255,12922332
2256,5240977
2257,3417965
2258,5733998
2259,3738779
2260,730543
2261,1261702
2262,1600093
2263,3431171
2264,10697908
2265,4897333
2266,2778012
2267,5921648
2268,1682512
2269,8972625
2270,476233
2271,3290827
2272,9290743
2273,10434491
2274,6670166
2275,11281621
2276,7593388
2277,2054131
2278,3776546
2279,8211538
2280,3533095
2281,6599300
2282,7934573
2283,2537503
2284,9163699
2285,2054340
2286,7130895
2287,1109923
2288,6623862
2289,5929814
2290,2038948
2291,3945054
2292,4331514
2293,5564864
2294,4169925
2295,-1684010
2296,7712568
2297,4052524
2298,6776612
2299,7664549
2300,5460423
2301,9037305
2302,14658425
2303,2086172
2304,7341033
2305,3146960
2306,7984372
2307,9226461
2308,8711160
2309,2335678
2310,9483856
2311,8913010
2312,-1912872
2313,7317898
2314,6886986
2315,3981079
2316,602683
2317,10166652
2318,10249867
2319,2324970
2320,6301295
2321,2021804
2322,3221567
2323,1607086
2324,4283758
2325,2189899
2326,1063632
2327,5414223
2328,4776948
2329,5496859
2330,6579718
2331,40966
2332,9900291
2333,3747376
2334,2435610
2335,3666369
2336,6001169
2337,10280516
2338,3560538
2339,9205819
2340,1282497
2341,7052372
2342,10450712
2343,5429544
2344,7640551
2345,7686450
2346,5988238
2347,288943
2348,7585893
2349,4744295
2350,4025839
2351,6508952
2352,10642788
2353,6693760
2354,8510385
2355,2569493
2356,2044074
2357,11357958
2358,1419692
2359,892417
2360,4226286
2361,1897934
2362,9835197
2363,1975305
2364,2374579
2365,4801046
2366,10461901
2367,7091698
2368,9162879
2369,5022890
2370,2014151
2371,9514032
2372,9283327
2373,3017551
2374,6448044
2375,5453592
2376,4548878
2377,3723154
2378,2200446
2379,4515009
2380,5256077
2381,7318393
2382,1220448
2383,215145
2384,6686365
2385,6124505
2386,-994502
2387,4283437
2388,1734334
2389,2098433
2390,198648
2391,6481379
2392,6495778
2393,-966594
2394,4721036
2395,6206094
2396,3937833
2397,4258608
2398,8459978
2399,6682302
2400,-2164669
2401,15522779
2402,8633626
2403,8094736
2404,9240947
2405,3122496
2406,5575908
2407,1401622
2408,10774253
2409,7209145
2410,5874446
2411,4599815
2412,5422728
2413,10336804
2414,-2015260
2415,4732674
2416,2214135
2417,8961379
2418,6444118
2419,8874323
2420,-1825021
2421,2304749
2422,3810612
2423,411594
2424,1101982
2425,1758011
2426,1874980
2427,1391759
2428,7849854
2429,1328922
2430,6861186
2431,6290837
2432,6712653
2433,2974827
2434,6499688
2435,4110122
2436,3641073
2437,7134978
2438,6861236
2439,1087107
2440,3765523
2441,-1921045
2442,11095672
2443,6424522
2444,476088
2445,2462193
2446,6780530
2447,1742777
2448,-330907
2449,183071
2450,4030963
2451,232855
2452,5329633
2453,8786564
2454,8424186
2455,-1480182
2456,9646538
2457,5713214
2458,10011347
2459,112306
2460,6603535
2461,-1340099
2462,1524308
2463,5197304
2464,3906688
2465,6928887
2466,-273628
2467,2228090
2468,7073848
2469,10747688
2470,7219800
2471,-301791
2472,815057
2473,7031480
2474,5767773
2475,11693071
2476,2541850
2477,1938620
2478,8609144
2479,4561392
2480,10339356
2481,9306654
2482,2385781
2483,3618911
2484,-258088
2485,1802595
2486,9028728
2487,796213
2488,-337139
2489,3062678
2490,5168597
2491,-1666853
2492,10600347
2493,11530371
2494,872529
2495,5876441
2496,10868330
2497,12385696
2498,9127277
2499,5363350
2500,3978441
2501,502526
2502,5240536
2503,8961109
2504,1354990
2505,2616863
2506,6490105
2507,1574139
2508,10352097
2509,4468963
2510,5895714
2511,10281484
2512,4022946
2513,779413
2514,8504076
2515,8797399
2516,7616760
2517,4964974
2518,11981648
2519,12324689
2520,8257444
2521,-2510632
2522,6441940
2523,2664873
2524,-587696
2525,9571330
2526,1734927
2527,9889032
2528,11904318
2529,1113478
2530,4125499
2531,-26769
2532,2244220
2533,2048102
2534,6770161
2535,8807143
2536,4330851
2537,8640240
2538,7015077
2539,701460
2540,4351574
2541,3429346
2542,9788997
2543,5135841
2544,-1063644
2545,5525305
2546,12345562
2547,4486235
2548,-1936227
2549,8361763
2550,8023523
2551,1803636
2552,7954330
2553,7620611
2554,2173124
2555,3530595
2556,1012704
2557,6606720
2558,5733545
2559,6226333
2560,9022215
2561,7695614
2562,5404359
2563,4777789
2564,10540255
2565,1905771
2566,2713330
2567,-789711
2568,2159887
2569,3291783
2570,5028426
2571,5458039
2572,7159564
2573,9539393
2574,11214609
2575,585605
2576,5685058
2577,5012423
2578,6170982
2579,5692706
2580,12415712
2581,10610670
2582,7125154
2583,-188727
2584,1018733
2585,6716255
2586,1226269
2587,6165604
2588,3868276
2589,2797614
2590,865183
2591,7270054
2592,6253788
2593,7671198
2594,6668376
2595,3709323
2596,4797589
2597,3277373
2598,2113514
2599,1484427
2600,3165457
2601,3771435
2602,8538034
2603,1944042
2604,-365646
2605,5469498
2606,4946037
2607,2263846
2608,5351040
2609,7784064
2610,-394007
2611,5310992
2612,11107975
2613,3717456
2614,3754
2615,586167
2616,6693833
2617,1194981
2618,6210477
2619,6692546
2620,211502
2621,9593363
2622,3546662
2623,6271808
2624,1301540
2625,8058048
2626,8496277
2627,7014813
2628,6386846
2629,2167158
2630,7849478
2631,1132788
2632,609390
2633,4418979
2634,9990266
2635,5616027
2636,1912049
2637,4278357
2638,12842274
2639,2876263
2640,3506678
2641,6564762
2642,13258776
2643,8186504
2644,11200379
2645,7196825
2646,2014038
2647,8449613
2648,4460715
2649,1526157
2650,9077917
2651,6116092
2652,2440982
2653,8236624
2654,3900337
2655,3095129
2656,2664399
2657,4210213
2658,8584608
2659,2038966
2660,4961881
2661,2258750
2662,8830549
2663,5248737
2664,3545396
2665,4833469
2666,10624832
2667,3902516
2668,6043935
2669,4427597
2670,5119129
2671,2330539
2672,1000244
2673,5518073
2674,10464134
2675,7799578
2676,10129354
2677,1733662
2678,8034147
2679,5768540
2680,1345307
2681,2062996
2682,2308663
2683,6087919
2684,9249269
2685,10649033
2686,-2061739
2687,-309076
2688,5898447
2689,6196807
2690,5494080
2691,1969075
2692,1841708
2693,8185853
2694,9800958
2695,2534917
2696,3557848
2697,6407108
2698,3861474
2699,9823280
2700,3686539
2701,5787059
2702,5744745
2703,4048499
2704,6021900
2705,8668451
2706,1207163
2707,4751625
2708,8344401
2709,13428368
2710,4828548
2711,4303586
2712,10847427
2713,-270604
2714,4956031
2715,2445775
2716,5891000
2717,2877013
2718,9779882
2719,3074683
2720,8675232
2721,9380240
2722,7228659
2723,806554
2724,9467453
2725,3738892
2726,398301
2727,4256369
2728,2614275
2729,5279569
2730,7461060
2731,6866586
2732,9892837
2733,1501886
2734,6495696
2735,8167932
2736,71970
2737,5054405
2738,1931871
2739,1298080
2740,7826971
2741,13264378
2742,876228
2743,6244405
2744,5784006
2745,5543703
2746,8268502
2747,9388305
2748,2870010
2749,5959265
2750,5383965
2751,9698349
2752,5202059
2753,5493938
2754,3668517
2755,6956192
2756,8398454
2757,3924824
2758,-687392
2759,6941685
2760,5810460
2761,4361849
2762,1534095
2763,10306639
2764,954209
2765,8397917
2766,11343768
2767,7944151
2768,-818750
2769,7909532
2770,8800215
2771,7073843
2772,6874684
2773,6854984
2774,1720105
2775,-55896
2776,8907882
2777,3953349
2778,1642568
2779,5590821
2780,8112293
2781,5547046
2782,-376443
2783,6016928
2784,6689376
2785,748111
2786,7938839
2787,7309375
2788,2160819
2789,7165736
2790,9669441
2791,4653821
2792,4545904
2793,6302677
2794,5000156
2795,3761645
2796,8838228
2797,8880343
2798,-730979
2799,104391
2800,10481238
2801,6022472
2802,1780945
2803,5604997
2804,6883518
2805,9127953
2806,4931258
2807,962044
2808,3260700
2809,8050785
2810,2101269
2811,4730033
2812,10138540
2813,6453864
2814,5055472
2815,4030248
2816,5809072
2817,116683
2818,1564372
2819,4075749
2820,6634660
2821,4644918
2822,2105422
2823,7468642
2824,7812880
2825,7674398
2826,5343102
2827,8307922
2828,3015028
2829,2173152
2830,9112097
2831,2205182
2832,4982570
2833,9571112
2834,1028424
2835,9311074
2836,8071804
2837,8421920
2838,1130423
2839,3198630
2840,2307029
2841,9668947
2842,3596558
2843,5659879
2844,3042811
2845,1418448
2846,9947357
2847,6632794
2848,14399935
2849,4513658
2850,7046937
2851,6167828
2852,5060499
2853,5561117
2854,9760984
2855,7776768
2856,10547412
2857,8051384
2858,4303854
2859,6898392
2860,9941845
2861,7042302
2862,3301770
2863,2168253
2864,9340154
2865,4946668
2866,937044
2867,8854286
2868,6373717
2869,3303096
2870,1527371
2871,6152994
2872,7071773
2873,1474645
2874,3398059
2875,3129617
2876,6185662
2877,6708650
2878,9110198
2879,4346310
2880,6698116
2881,11027478
2882,8328070
2883,2351698
2884,3374895
2885,2881672
2886,7344393
2887,1890598
2888,4275675
2889,3750166
2890,3161473
2891,10774599
2892,2534405
2893,10575486
2894,7505375
2895,-917060
2896,5604088
2897,8737076
2898,776453
2899,-2652446
2900,10697591
2901,3837313
2902,5545956
2903,9820875
2904,4288808
2905,-675232
2906,-382605
2907,11339439
2908,2252993
2909,7349138
2910,6182900
2911,8034310
2912,6458238
2913,10758906
2914,3370693
2915,4503791
2916,3126205
2917,4906009
2918,6092097
2919,5526732
2920,1308042
2921,6645671
2922,6368796
2923,-752396
2924,1060039
2925,6404539
2926,7678762
2927,3411604
2928,9209910
2929,4708097
2930,7621334
2931,1753829
2932,10567146
2933,9164328
2934,7143626
2935,133504
2936,1920284
2937,3978724
2938,7669269
2939,626221
2940,7470731
2941,1038865
2942,2517483
2943,-906371
2944,6568632
2945,8303345
2946,5572967
2947,7531746
2948,8468972
2949,2133872
2950,-707029
2951,7538797
2952,5008934
2953,3803184
2954,4283149
2955,13190609
2956,-3878745
2957,623734
2958,2246682
2959,-1989288
2960,2887336
2961,4538381
2962,10146386
2963,9481272
2964,8429518
2965,9128011
2966,4885112
2967,7105292
2968,6313522
2969,9354354
2970,1608464
2971,3661212
2972,8287322
2973,13772429
2974,716708
2975,4959362
2976,7315284
2977,4153090
2978,8902258
2979,6706294
2980,11025740
2981,10159338
2982,2341039
2983,919980
2984,2519530
2985,4993690
2986,3339170
2987,3802945
2988,7541823
2989,8993918
2990,8526495
2991,6614074
2992,6978648
2993,7722132
2994,8811943
2995,6490049
2996,11564258
2997,4532452
2998,4230518
2999,11870735
3000,9263684
3001,953794
3002,5532702
3003,1241124
3004,10717790
3005,10921792
3006,6327016
3007,1990096
3008,6059057
3009,6659423
3010,-753851
3011,5929953
3012,8539941
3013,3152697
3014,6623056
3015,10673786
3016,7161854
3017,3693050
3018,1010956
3019,4425828
3020,5175078
3021,9251664
3022,4677488
3023,5200046
3024,3487726
3025,1656848
3026,1103508
3027,4545349
3028,7042651
3029,8155539
3030,6693276
3031,7794653
3032,9530157
3033,-849838
3034,6446958
3035,4814637
3036,5342435
3037,6295595
3038,1902296
3039,8826266
3040,6698677
3041,5927276
3042,7286051
3043,2499403
3044,1034798
3045,3292627
3046,2208185
3047,9978526
3048,2011530
3049,10479347
3050,-79190
3051,763647
3052,4371603
3053,254297
3054,9974058
3055,6884375
3056,117256
3057,988009
3058,5116184
3059,6132436
3060,9789785
3061,8280020
3062,1854396
3063,1862167
3064,6193254
3065,3719570
3066,5581447
3067,5524694
3068,1170919
3069,9783089
3070,4198835
3071,916866
3072,5639496
3073,-1200771
3074,4918416
3075,11769482
3076,1705632
3077,3524561
3078,1033446
3079,1513408
3080,5240276
3081,11628807
3082,6636229
3083,7153352
3084,5535945
3085,3395165
3086,3142794
3087,8803405
3088,5839307
3089,11621607
3090,4995299
3091,914208
3092,13170875
3093,8320285
3094,7718224
3095,10582946
3096,-251984
3097,3968267
3098,4420523
3099,6079368
3100,466041
3101,8700877
3102,7726727
3103,6236660
3104,7272010
3105,395233
3106,2385470
3107,1675652
3108,-1451510
3109,2373219
3110,2402396
3111,7988216
3112,1339629
3113,6262801
3114,11086110
3115,9042303
3116,6088535
3117,1930586
3118,7777643
3119,10151921
3120,7419293
3121,-840871
3122,7198191
3123,4057299
3124,7579315
3125,10232232
3126,9414282
3127,196681
3128,2347845
3129,4033536
3130,8702408
3131,5899935
3132,3940291
3133,5408862
3134,6664580
3135,9523837
3136,1324931
3137,5583190
3138,10930982
3139,8049900
3140,4911726
3141,6365909
3142,5471734
3143,4052667
3144,2594259
3145,4424427
3146,5344720
3147,11931004
3148,6088738
3149,1687290
3150,11526879
3151,1671577
3152,4068259
3153,7285220
3154,11586272
3155,6488538
3156,5214532
3157,1457876
3158,3594443
3159,7771424
3160,10162802
3161,8989624
3162,4901292
3163,6727186
3164,6570410
3165,3205719
3166,5727972
3167,12173346
3168,3837221
3169,1746745
3170,944800
3171,4457591
3172,1245371
3173,1596546
3174,6082971
3175,2070936
3176,4086813
3177,8763459
3178,7178499
3179,8902619
3180,10432010
3181,5312035
3182,8435409
3183,3704015
3184,7149170
3185,5096360
3186,2732760
3187,2596358
3188,7760059
3189,10455650
3190,3797098
3191,6011233
3192,9629100
3193,-504860
3194,7981649
3195,1017245
3196,9543828
3197,8173235
3198,4166579
3199,2241593
3200,5224221
3201,3985093
3202,8863105
3203,2569317
3204,7520363
3205,1439388
3206,6696997
3207,8308959
3208,10720073
3209,9545685
3210,2315037
3211,5737761
3212,11081229
3213,3331921
3214,7623303
3215,1304869
3216,6816548
3217,7749109
3218,3444999
3219,6883071
3220,7124215
3221,-47395
3222,5379609
3223,9577940
3224,1339520
3225,7264428
3226,4977910
3227,8007856
3228,3580267
3229,-1044813
3230,4045861
3231,1908880
3232,3665989
3233,2014500
3234,1335987
3235,3999417
3236,4516612
3237,8687100
3238,1216196
3239,12037779
3240,9954833
3241,7932530
3242,5811962
3243,15238360
3244,9023159
3245,11954586
3246,6176786
3247,8248281
3248,8811458
3249,8704788
3250,2781302
3251,5431980
3252,2436194
3253,10014030
3254,10290451
3255,2608281
3256,5578363
3257,2784190
3258,5893265
3259,5022325
3260,3984390
3261,3838608
3262,4665094
3263,8354119
3264,2074562
3265,7016618
3266,31952
3267,2879750
3268,6068443
3269,4892945
3270,12536005
3271,8158499
3272,2838739
3273,6383291
3274,-684793
3275,7783518
3276,2544466
3277,7926918
3278,-3179266
3279,10071863
3280,4308846
3281,6075366
3282,5031454
3283,7919688
3284,987844
3285,10516370
3286,1835839
3287,8630655
3288,8484093
3289,2451009
3290,3387799
3291,8394999
3292,3433819
3293,4678514
3294,981246
3295,6896971
3296,-2659849
3297,4561050
3298,4750916
3299,7795533
3300,6441796
3301,7235423
3302,7742565
3303,6401621
3304,6466765
3305,9142063
3306,6534710
3307,3844943
3308,7644007
3309,8959221
3310,10311827
3311,788225
3312,6209235
3313,11404279
3314,7450620
3315,306101
3316,11373174
3317,2758471
3318,5818454
3319,8677509
3320,3633568
3321,6582071
3322,7222819
3323,5230714
3324,-4558831
3325,-617781
3326,1111487
3327,2403189
3328,6860114
3329,-1741781
3330,3578094
3331,6583739
3332,997509
3333,3093480
3334,3950840
3335,6550978
3336,8043108
3337,8582101
3338,10229540
3339,3955202
3340,6960984
3341,3529884
3342,10799920
3343,3980456
3344,7832052
3345,6868265
3346,9746862
3347,10588914
3348,10865970
3349,7582714
3350,-146441
3351,3840888
3352,10588677
3353,10204743
3354,3161613
3355,8610331
3356,7765518
3357,9638283
3358,-2039684
3359,3715638
3360,4051068
3361,5869711
3362,7021077
3363,813920
3364,5694126
3365,2648778
3366,-164621
3367,520103
3368,9391066
3369,5979631
3370,4013591
3371,-728137
3372,2885260
3373,6536217
3374,2791445
3375,2189829
3376,6574198
3377,1554693
3378,6412119
3379,1559014
3380,8307820
3381,6573382
3382,10693091
3383,6715777
3384,2204070
3385,9190970
3386,5036820
3387,5455992
3388,5692220
3389,10438172
3390,3530773
3391,7611579
3392,3790347
3393,2717701
3394,8258549
3395,6594019
3396,8158690
3397,7990864
3398,4616995
3399,13300299
3400,7186544
3401,1595681
3402,6914878
3403,5415657
3404,7933586
3405,7242958
3406,8137454
3407,7530165
3408,6786482
3409,-2600067
3410,10023216
3411,6125319
3412,5245733
3413,1600390
3414,3793885
3415,10145817
3416,3182792
3417,8091767
3418,4954770
3419,3152653
3420,11202039
3421,9983353
3422,2234280
3423,-795876
3424,5409128
3425,7931251
3426,10890613
3427,3514653
3428,8903021
3429,10885164
3430,4273683
3431,-729050
3432,8073659
3433,7552612
3434,11506229
3435,1541697
3436,10984603
3437,6481592
3438,3278184
3439,6809078
3440,-1108809
3441,9856609
3442,9722878
3443,9103005
3444,5985772
3445,-3114340
3446,5922924
3447,11667809
3448,11430788
3449,6467168
3450,1983665
3451,6811275
3452,6750554
3453,-105799
3454,8710924
3455,4727868
3456,8206423
3457,6323375
3458,7757063
3459,3996021
3460,4346323
3461,2743534
3462,3088891
3463,5055909
3464,5511696
3465,10319632
3466,6118356
3467,2611503
3468,5767381
3469,209774
3470,9195045
3471,1433703
3472,6723709
3473,9545577
3474,6220593
3475,6671477
3476,4443625
3477,8145336
3478,2055766
3479,2173058
3480,6933741
3481,8319370
3482,10327717
3483,4725544
3484,1971663
3485,3172417
3486,5797178
3487,2814432
3488,7272683
3489,1896347
3490,2308889
3491,7841070
3492,4891510
3493,7936033
3494,5089923
3495,2358566
3496,2235526
3497,5562018
3498,4903162
3499,4657645
3500,4815044
3501,2644835
3502,5047403
3503,6775722
3504,9261707
3505,11137595
3506,6744284
3507,5857002
3508,-1121383
3509,1597385
3510,5794730
3511,6748929
3512,2524970
3513,3042134
3514,5828431
3515,5721544
3516,2351858
3517,11112683
3518,14814
3519,5847998
3520,1411226
3521,8640217
3522,5163706
3523,1351483
3524,4248535
3525,5977242
3526,1971273
3527,2804203
3528,3224280
3529,3910556
3530,7813671
3531,3474988
3532,4874422
3533,5115663
3534,6672243
3535,6662428
3536,9095875
3537,9091273
3538,2795197
3539,552357
3540,2576747
3541,6874243
3542,1450101
3543,7989344
3544,4689018
3545,5912359
3546,8745692
3547,277258
3548,4901018
3549,848178
3550,6661213
3551,4504650
3552,194230
3553,4695088
3554,1634346
3555,8501304
3556,6189840
3557,10066510
3558,-1284254
3559,7914003
3560,7649325
3561,7050303
3562,6856587
3563,4588486
3564,9561368
3565,2285759
3566,6398451
3567,-540291
3568,7900916
3569,8103177
3570,10135744
3571,6602501
3572,7913455
3573,5914623
3574,9192761
3575,1804859
3576,9612308
3577,9267223
3578,2523239
3579,9299283
3580,4775463
3581,8931314
3582,72946
3583,1265653
3584,9466618
3585,529303
3586,1850702
3587,6690407
3588,5825264
3589,4873586
3590,722256
3591,5049504
3592,6954039
3593,3305762
3594,4739816
3595,6382529
3596,8835023
3597,4435795
3598,4691560
3599,3137663
3600,3200782
3601,3178213
3602,454129
3603,4270782
3604,3207896
3605,6537323
3606,11487632
3607,6717230
3608,4027061
3609,4659376
3610,-114087
3611,5469804
3612,7882159
3613,2802255
3614,2997280
3615,-2068319
3616,1383152
3617,4035355
3618,797528
3619,6243812
3620,7978160
3621,9831134
3622,4651287
3623,9872025
3624,2532072
3625,8934568
3626,-1512383
3627,8077600
3628,11797836
3629,4663201
3630,9136932
3631,9710707
3632,2897345
3633,4744313
3634,8850908
3635,7585961
3636,7985053
3637,11086279
3638,8169602
3639,6067019
3640,4145570
3641,8777669
3642,-1213136
3643,2800627
3644,5799736
3645,-46681
3646,993897
3647,8245052
3648,3214471
3649,4136905
3650,7044720
3651,2025048
3652,3524989
3653,1342933
3654,3766627
3655,-119615
3656,3161097
3657,3513687
3658,11040760
3659,4637781
3660,4350810
3661,6975189
3662,6260635
3663,3715692
3664,2756944
3665,1536004
3666,2860347
3667,4987183
3668,7614983
3669,1631751
3670,4435913
3671,8087944
3672,786607
3673,297459
3674,6687648
3675,2622212
3676,-437683
3677,6987099
3678,11744391
3679,8663052
3680,8044285
3681,8121639
3682,5750287
3683,12186755
3684,1337089
3685,-1560985
3686,4411705
3687,480929
3688,4173318
3689,2548233
3690,3106590
3691,2562053
3692,3028480
3693,10827517
3694,7445202
3695,11984218
3696,2464073
3697,8061832
3698,3137774
3699,5481732
3700,6590556
3701,1129156
3702,9400078
3703,2361775
3704,2576155
3705,9319781
3706,7850660
3707,6066751
3708,3289162
3709,3582924
3710,6253199
3711,7224485
3712,1200462
3713,2684657
3714,4025535
3715,6875479
3716,7881350
3717,5215443
3718,5840491
3719,482999
3720,4987917
3721,7738150
3722,3322828
3723,6693030
3724,6067656
3725,8272022
3726,10135454
3727,2691241
3728,9733723
3729,8649003
3730,13188178
3731,5887026
3732,5164499
3733,7496275
3734,4903370
3735,5318192
3736,4166664
3737,2226215
3738,873690
3739,4850313
3740,3236754
3741,4538403
3742,11280068
3743,2229155
3744,3058167
3745,1849399
3746,4879962
3747,8735749
3748,4653278
3749,6825231
3750,5336420
3751,2823477
3752,5514347
3753,10956255
3754,2886827
3755,5408275
3756,1522611
3757,9052341
3758,5429007
3759,6449805
3760,4113222
3761,7184426
3762,5578767
3763,1801359
3764,4223945
3765,7049909
3766,6672963
3767,7843019
3768,9189706
3769,7963524
3770,8755683
3771,7272087
3772,6589759
3773,10905678
3774,529619
3775,9201870
3776,8028165
3777,1099232
3778,10997917
3779,8581315
3780,11138183
3781,-329895
3782,2288499
3783,1784553
3784,3558495
3785,8205039
3786,2973126
3787,8082237
3788,6504816
3789,2370174
3790,7628317
3791,497864
3792,9321949
3793,12130787
3794,3191853
3795,4166270
3796,6022310
3797,5395954
3798,3947477
3799,8648019
3800,659971
3801,5757298
3802,1084045
3803,7551971
3804,13387290
3805,4294556
3806,6865088
3807,6814066
3808,4705526
3809,5139508
3810,6694164
3811,7505918
3812,-88755
3813,5703000
3814,6547863
3815,7075071
3816,5546384
3817,10016690
3818,8005054
3819,5351674
3820,11066551
3821,-1896715
3822,8320838
3823,623200
3824,7170493
3825,4040692
3826,5260107
3827,6958323
3828,6194898
3829,4878240
3830,743171
3831,3898559
3832,8677677
3833,-1552380
3834,7716129
3835,5473354
3836,6132079
3837,3578060
3838,2140457
3839,9638455
3840,2904877
3841,6609810
3842,5411738
3843,3604729
3844,3619221
3845,-1670131
3846,10644080
3847,6512080
3848,4593835
3849,395545
3850,6945631
3851,2997024
3852,4270257
3853,10107885
3854,3398342
3855,4454635
3856,8670319
3857,7886034
3858,4761653
3859,5846188
3860,3710476
3861,9284385
3862,3319113
3863,6936837
3864,2249242
3865,4249809
3866,6361062
3867,1334013
3868,1764295
3869,6249815
3870,3476246
3871,11995974
3872,686009
3873,4128338
3874,5268916
3875,1125407
3876,862065
3877,4243409
3878,2972965
3879,7733285
3880,1488804
3881,4799387
3882,3195647
3883,-204282
3884,3406321
3885,6529004
3886,6091216
3887,1179734
3888,10198101
3889,361979
3890,8701878
3891,3354158
3892,4243605
3893,1581226
3894,3214702
3895,-606837
3896,4578350
3897,861239
3898,7970169
3899,9996494
3900,10472914
3901,3691240
3902,3676053
3903,10461559
3904,3412589
3905,4194826
3906,7204600
3907,185861
3908,7766950
3909,9502534
3910,10885878
3911,3022802
3912,8099107
3913,506842
3914,7730227
3915,2870238
3916,7946062
3917,6964997
3918,11043085
3919,-337958
3920,8639282
3921,1300613
3922,7266844
3923,9223680
3924,10983189
3925,6697157
3926,4326685
3927,2300298
3928,6949161
3929,6237122
3930,9657995
3931,9165990
3932,3705870
3933,-868374
3934,2306985
3935,6864104
3936,8606335
3937,6498166
3938,10078818
3939,4031476
3940,5130457
3941,7375122
3942,2083246
3943,895246
3944,7707145
3945,2062325
3946,8696291
3947,2790514
3948,714286
3949,10838714
3950,3906366
3951,1470811
3952,5143465
3953,9752969
3954,4650274
3955,-49366
3956,7835554
3957,4377012
3958,2626840
3959,6663671
3960,2559116
3961,2236534
3962,2179919
3963,5486703
3964,9239186
3965,4855802
3966,10948309
3967,7942673
3968,8074274
3969,8545320
3970,11044468
3971,6184204
3972,7105355
3973,1972201
3974,3117353
3975,7128189
3976,1166969
3977,3593686
3978,4196973
3979,4293655
3980,4015908
3981,1995359
3982,8170458
3983,7725040
3984,2469493
3985,2235766
3986,2399864
3987,9033551
3988,5167965
3989,3117032
3990,4081393
3991,4154580
3992,6968631
3993,-1766649
3994,9267420
3995,11973499
3996,6999838
3997,10237281
3998,8578211
3999,6156928
4000,12039771
4001,9324196
4002,1994279
4003,6330943
4004,7353394
4005,2932431
4006,2395160
4007,8560380
4008,7492937
4009,8158998
4010,10415163
4011,5424148
4012,884847
4013,3202456
4014,10494733
4015,8263614
4016,5434293
4017,1686373
4018,9419014
4019,4912421
4020,-1370494
4021,4102829
4022,1353552
4023,3281952
4024,-750790
4025,765296
4026,3016617
4027,2584750
4028,305190
4029,4049352
4030,2182839
4031,4748098
4032,7856853
4033,-651648
4034,9551388
4035,9804396
4036,9027387
4037,2844339
4038,7891708
4039,5680643
4040,1674958
4041,1809131
4042,185327
4043,3809972
4044,6686382
4045,939066
4046,4466009
4047,1368167
4048,9319654
4049,1954640
4050,3392259
4051,2793136
4052,8787811
4053,3812285
4054,11866470
4055,13478157
4056,5844327
4057,8216747
4058,5152729
4059,7027329
4060,6231953
4061,5139629
4062,6926970
4063,1662653
4064,2559400
4065,4771722
4066,3821058
4067,3932264
4068,2307747
4069,827007
4070,3622374
4071,7036684
4072,5370352
4073,7802058
4074,2187225
4075,3886855
4076,10448817
4077,3570697
4078,13228474
4079,3566559
4080,11064418
4081,12012150
4082,5653902
4083,6574367
4084,12190981
4085,1118110
4086,3019134
4087,13944764
4088,8043313
4089,1192250
4090,7067196
4091,9553792
4092,6777546
4093,2941932
4094,10137281
4095,1237579
4096,8268260
4097,9435544
4098,6820864
4099,-64747
4100,10772745
4101,5765875
4102,8133949
4103,8322257
4104,4348469
4105,5583902
4106,10222088
4107,7159830
4108,1619838
4109,6715699
4110,5708866
4111,10619420
4112,8870473
4113,9912725
4114,3836321
4115,3982858
4116,8634263
4117,1976382
4118,3543108
4119,11433266
4120,10809199
4121,8410754
4122,7425971
4123,17200
4124,10473011
4125,6552259
4126,5598958
4127,565241
4128,6121214
4129,6770078
4130,9388861
4131,5489173
4132,4234767
4133,1625513
4134,1096829
4135,236246
4136,11609541
4137,6013333
4138,3636052
4139,4276539
4140,10087852
4141,2759460
4142,8605627
4143,6322692
4144,-285062
4145,1715243
4146,10342592
4147,102324
4148,8347735
4149,9368249
4150,991532
4151,-641036
4152,4114646
4153,9395228
4154,9156535
4155,4196704
4156,7611678
4157,6251986
4158,6371684
4159,367109
4160,5238262
4161,7518137
4162,4312436
4163,7153502
4164,7131727
4165,4354401
4166,5066776
4167,6297897
4168,6565215
4169,6836481
4170,4428573
4171,5780266
4172,10750082
4173,6555752
4174,2319720
4175,3795098
4176,6792665
4177,8714443
4178,9476299
4179,12102055
4180,801882
4181,-2987605
4182,5151427
4183,1414718
4184,8010546
4185,7441813
4186,8145688
4187,1358419
4188,3862125
4189,2907584
4190,2219888
4191,258175
4192,7751913
4193,9256055
4194,9031671
4195,8474714
4196,12259293
4197,4318013
4198,5045549
4199,11210273
4200,2228847
4201,5534267
4202,1244848
4203,1081806
4204,-1898115
4205,11670125
4206,3032519
4207,3303407
4208,8693787
4209,5633107
4210,9020405
4211,6206775
4212,9796299
4213,3606597
4214,5628828
4215,9352978
4216,9628907
4217,5674104
4218,8025443
4219,8004991
4220,7111762
4221,5577023
4222,4613515
4223,7132780
4224,6102732
4225,7992601
4226,5818224
4227,2862178
4228,6652798
4229,-1506920
4230,12766797
4231,5505295
4232,9554452
4233,5219779
4234,3857520
4235,299108
4236,3940449
4237,3045201
4238,10864903
4239,746276
4240,5940203
4241,10400329
4242,624335
4243,3259863
4244,8296870
4245,5312861
4246,5390591
4247,839445
4248,3890762
4249,7149399
4250,7675508
4251,757402
4252,2547728
4253,11160398
4254,5949417
4255,386146
4256,3960273
4257,6225077
4258,4105464
4259,416185
4260,6344273
4261,1078907
4262,4852253
4263,1439213
4264,9827094
4265,6658368
4266,3260733
4267,2149590
4268,6517980
4269,-5331615
4270,5807648
4271,10645050
4272,3581292
4273,10465192
4274,8240736
4275,1614736
4276,8019337
4277,2256958
4278,-2083603
4279,9215235
4280,8070596
4281,2655129
4282,6499463
4283,3801166
4284,5492077
4285,8815451
4286,8385782
4287,2429296
4288,737788
4289,3623845
4290,7579791
4291,8531591
4292,8759013
4293,8892602
4294,8316474
4295,4621453
4296,-251269
4297,8041180
4298,8149053
4299,10984014
4300,5326840
4301,11642331
4302,11866228
4303,5474409
4304,3694480
4305,7476086
4306,3271586
4307,4138
4308,9349102
4309,-338789
4310,3713234
4311,8821711
4312,3858328
4313,10331883
4314,5638471
4315,9674131
4316,5259011
4317,2053458
4318,4114427
4319,8959210
4320,3607133
4321,8332180
4322,3857377
4323,7331549
4324,159542
4325,1175471
4326,21719
4327,2613850
4328,7070180
4329,4699293
4330,6846649
4331,9660635
4332,4553825
4333,9689282
4334,11129692
4335,-1262479
4336,599394
4337,-2170836
4338,3085839
4339,3597622
4340,5949086
4341,4646553
4342,6932884
4343,9534073
4344,5456612
4345,2503864
4346,8940133
4347,2524604
4348,1750369
4349,11955429
4350,3238723
4351,757572
4352,-1382654
4353,5036912
4354,1502972
4355,4921277
4356,8534204
4357,5027483
4358,10935798
4359,6126876
4360,7094674
4361,8760797
4362,3768210
4363,10154845
4364,7188160
4365,677205
4366,1405263
4367,8790934
4368,11699966
4369,7049005
4370,574167
4371,2904270
4372,10247814
4373,9786090
4374,5185904
4375,8891580
4376,2586153
4377,344544
4378,3808197
4379,4187006
4380,4848442
4381,5219796
4382,7577699
4383,9387841
4384,11872373
4385,6912475
4386,23684
4387,3824731
4388,3527861
4389,8580182
4390,6246076
4391,11330760
4392,6425503
4393,3731202
4394,7228406
4395,6336508
4396,1854782
4397,9349597
4398,7604570
4399,3869163
4400,1627568
4401,5144236
4402,4332783
4403,6543465
4404,5335997
4405,2733938
4406,3695474
4407,5217862
4408,9481905
4409,4545572
4410,9020306
4411,8067950
4412,6482783
4413,10203627
4414,6748579
4415,1166293
4416,7064693
4417,622116
4418,8354949
4419,6145158
4420,7492196
4421,9394067
4422,8447133
4423,4330798
4424,11827493
4425,3679654
4426,6465072
4427,969246
4428,8421708
4429,9427975
4430,6762517
4431,-612960
4432,1018358
4433,3877390
4434,6295228
4435,4367379
4436,6265616
4437,7158151
4438,9484639
4439,3858526
4440,8460368
4441,8661448
4442,1826808
4443,3454577
4444,5773776
4445,2066308
4446,9987615
4447,8907167
4448,-543195
4449,2332938
4450,1376591
4451,10103283
4452,11992378
4453,8706284
4454,3713460
4455,5025440
4456,1996972
4457,4129040
4458,3228927
4459,3558121
4460,8466651
4461,4249754
4462,2283291
4463,5455036
4464,4748279
4465,9084827
4466,1574211
4467,7756155
4468,1725808
4469,11385696
4470,1423956
4471,8565585
4472,3871685
4473,5401504
4474,5573815
4475,2236144
4476,11946373
4477,6037682
4478,251125
4479,6204209
4480,8332832
4481,574269
4482,2642649
4483,8627738
4484,8463761
4485,-15462
4486,9394987
4487,680993
4488,3043673
4489,5819594
4490,9188963
4491,5750600
4492,5279188
4493,1701494
4494,4222415
4495,5199628
4496,7017852
4497,9361678
4498,1786831
4499,6687780
4500,8794267
4501,8869575
4502,-17934
4503,5417265
4504,1890041
4505,2629631
4506,8728745
4507,2105633
4508,1381005
4509,3781645
4510,2236067
4511,1845138
4512,2840434
4513,6543670
4514,13113485
4515,2366634
4516,10335084
4517,10498411
4518,10545795
4519,8409513
4520,6395795
4521,13171878
4522,6254108
4523,-460745
4524,7895437
4525,5110784
4526,2939896
4527,6440680
4528,-781130
4529,-153088
4530,9462077
4531,5827069
4532,6862559
4533,2916208
4534,9484711
4535,9743816
4536,527725
4537,4126088
4538,6474571
4539,4541634
4540,4363295
4541,1970774
4542,5833820
4543,2892700
4544,8143359
4545,3858310
4546,4729856
4547,404151
4548,5475070
4549,5626794
4550,6140471
4551,4987650
4552,2699381
4553,10115954
4554,4646272
4555,5956724
4556,6533410
4557,2503401
4558,3923734
4559,6111252
4560,10465829
4561,6055821
4562,1793537
4563,1968736
4564,6077948
4565,3885448
4566,1421876
4567,3526671
4568,6048513
4569,-391365
4570,6367607
4571,4375271
4572,244567
4573,2150278
4574,3898514
4575,5500284
4576,7215868
4577,218422
4578,6156854
4579,7791379
4580,6513820
4581,9003573
4582,-1601801
4583,11220651
4584,3933949
4585,4038776
4586,10185447
4587,4985531
4588,5619200
4589,6067685
4590,6039686
4591,13269165
4592,6799240
4593,2012003
4594,6099029
4595,11445371
4596,7624172
4597,2612186
4598,2291260
4599,-587893
4600,9034811
4601,4198687
4602,1146846
4603,5094687
4604,330392
4605,5015549
4606,5558224
4607,6501962
4608,-14505
4609,3695738
4610,6692423
4611,1853551
4612,10984899
4613,3567099
4614,7918617
4615,8127219
4616,8664717
4617,4079723
4618,1750020
4619,1429523
4620,11391256
4621,10012036
4622,1805961
4623,12284237
4624,6585808
4625,4895945
4626,8442180
4627,4062667
4628,2323330
4629,4998008
4630,6313572
4631,10177508
4632,8452874
4633,8289706
4634,11507643
4635,821011
4636,8500923
4637,11030971
4638,2121140
4639,2730426
4640,4539372
4641,5209868
4642,2628121
4643,9767506
4644,5317519
4645,10039633
4646,-337446
4647,1042951
4648,5830920
4649,4439127
4650,7425207
4651,1528488
4652,10215476
4653,11384904
4654,3570524
4655,3631088
4656,4622663
4657,1317371
4658,5089230
4659,5342198
4660,8126827
4661,7685873
4662,9012748
4663,11336926
4664,4183310
4665,1050523
4666,1439911
4667,7167080
4668,4751042
4669,2553499
4670,9809407
4671,4859167
4672,-763422
4673,4721864
4674,8229944
4675,9872874
4676,8811376
4677,1984197
4678,5325950
4679,6067422
4680,701327
4681,9670081
4682,9886499
4683,6963703
4684,9329080
4685,1053618
4686,4187546
4687,7729621
4688,4592135
4689,9779374
4690,6633981
4691,10088715
4692,7309594
4693,7698875
4694,9124401
4695,10428451
4696,10923371
4697,6577175
4698,4940040
4699,6423128
4700,3986157
4701,2504925
4702,2578701
4703,9712330
4704,5580162
4705,5586520
4706,5700010
4707,1985465
4708,8996012
4709,15402688
4710,3884927
4711,3854907
4712,3482758
4713,2717110
4714,5469886
4715,6905253
4716,6114294
4717,3016584
4718,2515325
4719,-768307
4720,3565538
4721,1342172
4722,311783
4723,4210503
4724,3267061
4725,7541961
4726,6101934
4727,3510260
4728,10299892
4729,2315560
4730,2123890
4731,5573728
4732,2123501
4733,8848874
4734,933124
4735,7062158
4736,-827089
4737,5077824
4738,1492497
4739,178866
4740,9325228
4741,7164026
4742,9412701
4743,990293
4744,5779634
4745,10964789
4746,8602163
4747,3412720
4748,7913090
4749,1993062
4750,1304528
4751,7848215
4752,10729513
4753,11136570
4754,6171861
4755,12721534
4756,4080209
4757,9943712
4758,4706141
4759,6801971
4760,3799419
4761,456001
4762,3206880
4763,4042320
4764,1789659
4765,9795512
4766,8081316
4767,4972723
4768,4072694
4769,3613515
4770,3295726
4771,8493265
4772,7715035
4773,2643189
4774,8207134
4775,4842845
4776,4890051
4777,5451041
4778,6281688
4779,3808428
4780,9261187
4781,5111486
4782,7119372
4783,-1073995
4784,3240574
4785,4171287
4786,10111538
4787,4556651
4788,7343057
4789,8551604
4790,10021496
4791,725336
4792,2797806
4793,5012187
4794,3694639
4795,5050641
4796,9337288
4797,7800405
4798,3567503
4799,8992631
4800,2815378
4801,4747325
4802,8394892
4803,3525569
4804,4453405
4805,7111912
4806,9312641
4807,6760350
4808,9680908
4809,6472986
4810,9575286
4811,-370334
4812,2499029
4813,4713341
4814,2450320
4815,5441933
4816,12498032
4817,5162904
4818,7155240
4819,8349214
4820,7025884
4821,8278083
4822,1002406
4823,9725283
4824,6955498
4825,6667245
4826,3966208
4827,11319932
4828,11118330
4829,9089990
4830,1484418
4831,6918453
4832,405490
4833,4917154
4834,6574185
4835,8475423
4836,9395868
4837,8729419
4838,4540750
4839,7866481
4840,-1551697
4841,6483949
4842,2027680
4843,10655202
4844,1517447
4845,6899765
4846,3363664
4847,-1258513
4848,361914
4849,3925635
4850,1889103
4851,1147686
4852,8441512
4853,10042674
4854,9544716
4855,2894163
4856,3378936
4857,8089631
4858,8820205
4859,6266321
4860,4585885
4861,6333372
4862,1596642
4863,3939842
4864,9041881
4865,7528843
4866,7999211
4867,2829171
4868,10057880
4869,4681180
4870,7554860
4871,2000037
4872,7858836
4873,7351544
4874,6715623
4875,6412770
4876,5826627
4877,7089394
4878,7713835
4879,9507302
4880,460442
4881,5573969
4882,4627915
4883,-1579345
4884,9454574
4885,6505682
4886,880083
4887,10293729
4888,6207546
4889,5089367
4890,5135996
4891,2426838
4892,8412082
4893,1123692
4894,3559540
4895,10517401
4896,471167
4897,9430920
4898,8683955
4899,9347758
4900,2192876
4901,6189350
4902,4592846
4903,4545043
4904,6388855
4905,3822972
4906,5195484
4907,5969903
4908,7787300
4909,8140099
4910,9362811
4911,9404098
4912,4328892
4913,4580129
4914,2638245
4915,12857272
4916,4458734
4917,96167
4918,8144979
4919,6607799
4920,8998415
4921,6117089
4922,622168
4923,96020
4924,2203537
4925,8239887
4926,8437839
4927,4599545
4928,7789772
4929,3588724
4930,3473158
4931,3679336
4932,1897500
4933,10323383
4934,7256900
4935,7694849
4936,2331334
4937,10384602
4938,6142713
4939,5279761
4940,8167972
4941,1174286
4942,780104
4943,2901333
4944,1545922
4945,7850921
4946,6086308
4947,4884390
4948,2369501
4949,7119934
4950,8617035
4951,7513048
4952,5011597
4953,6988114
4954,2789930
4955,6958498
4956,9622581
4957,5216324
4958,9058769
4959,1664995
4960,2909539
4961,991301
4962,4357758
4963,1222898
4964,9867284
4965,1394520
4966,8678002
4967,7477686
4968,12049113
4969,4891226
4970,6321697
4971,-479448
4972,4835355
4973,9170254
4974,8606987
4975,4236523
4976,8381913
4977,4012977
4978,9362368
4979,4168245
4980,-733276
4981,11362337
4982,2752415
4983,4423108
4984,10039982
4985,3545443
4986,3255614
4987,7144084
4988,4470588
4989,8294545
4990,1949987
4991,10525646
4992,2593645
4993,8819809
4994,865546
4995,2979305
4996,6835903
4997,209760
4998,6681484
4999,9106759
5000,2672105
5001,4161948
5002,16285
5003,7522596
5004,8035203
5005,6438902
5006,9246744
5007,-565934
5008,1729235
5009,8811562
5010,6597165
5011,8594431
5012,6910235
5013,10247596
5014,7284261
5015,12282370
5016,10091914
5017,7611515
5018,12575122
5019,-117035
5020,7170497
5021,2160414
5022,4895917
5023,2946487
5024,8068456
5025,6758778
5026,7503284
5027,2839099
5028,3391444
5029,7383068
5030,7265769
5031,611134
5032,8900246
5033,3238112
5034,2927394
5035,-4280609
5036,8861100
5037,7611266
5038,7312701
5039,3866670
5040,9893706
5041,2162042
5042,8367031
5043,205167
5044,10507080
5045,3783645
5046,9536197
5047,7437663
5048,1705604
5049,2272805
5050,8422675
5051,7173243
5052,3630122
5053,10200665
5054,5098879
5055,7624202
5056,4031237
5057,10513735
5058,8938337
5059,7904961
5060,13869721
5061,8728080
5062,8630876
5063,10294629
5064,2135584
5065,4063504
5066,12185362
5067,7126143
5068,2297437
5069,7314338
5070,-60186
5071,1779370
5072,6258986
5073,2216654
5074,2563186
5075,3180160
5076,12333545
5077,212494
5078,6910118
5079,1849840
5080,3006135
5081,1877971
5082,-4049732
5083,6280910
5084,2475750
5085,8419418
5086,7727353
5087,1875124
5088,5613601
5089,3356022
5090,2265644
5091,8581559
5092,5433634
5093,9684716
5094,449246
5095,10252184
5096,5889002
5097,3507529
5098,10468737
5099,9861074
5100,4515993
5101,4104601
5102,7847955
5103,4425140
5104,438133
5105,6815231
5106,10564523
5107,5941634
5108,5682107
5109,5343761
5110,10411931
5111,10986226
5112,4777362
5113,4630383
5114,5657805
5115,8334879
5116,5498505
5117,3396537
5118,5038384
5119,6217400
5120,1301618
5121,6170706
5122,12179693
5123,4288832
5124,11486559
5125,6339436
5126,11385560
5127,7423522
5128,7283564
5129,1085033
5130,2995753
5131,2421178
5132,9191857
5133,10974261
5134,3747851
5135,7545175
5136,6274459
5137,4976837
5138,6417081
5139,-2501326
5140,10805270
5141,6741845
5142,4797985
5143,5745330
5144,10296570
5145,9547683
5146,2087686
5147,3734506
5148,2251143
5149,660087
5150,9064605
5151,10207658
5152,3941029
5153,1907602
5154,2673648
5155,5063623
5156,433546
5157,4241248
5158,7059773
5159,8014767
5160,5002688
5161,8958914
5162,3906338
5163,7529365
5164,7260655
5165,9384347
5166,5640748
5167,3042944
5168,3978128
5169,3100008
5170,12620297
5171,5682762
5172,8516525
5173,6782817
5174,9362171
5175,2812212
5176,-802666
5177,2258726
5178,743337
5179,5113581
5180,6266895
5181,-894676
5182,8358862
5183,4318397
5184,-267994
5185,7726357
5186,6449085
5187,3236300
5188,8963337
5189,2462769
5190,5590172
5191,1668225
5192,12464402
5193,5125346
5194,7863333
5195,11101662
5196,9545911
5197,-1537516
5198,5072031
5199,4023580
5200,8435673
5201,3586829
5202,4305826
5203,6367338
5204,8358222
5205,5619391
5206,4322941
5207,7275381
5208,625789
5209,4110137
5210,9638599
5211,3203052
5212,3417515
5213,546764
5214,2003399
5215,2934498
5216,9122168
5217,6047229
5218,2999935
5219,5448174
5220,8086446
5221,5114957
5222,8818264
5223,7271199
5224,213626
5225,13057845
5226,1797277
5227,3622439
5228,10570707
5229,3797835
5230,9314794
5231,7340579
5232,8622480
5233,6122318
5234,13459576
5235,5560673
5236,-241140
5237,6731228
5238,-52841
5239,3367346
5240,6267644
5241,3534013
5242,4611369
5243,8308890
5244,5632543
5245,7703360
5246,9564278
5247,1926277
5248,8846505
5249,6621457
5250,1957625
5251,497562
5252,12088981
5253,8303630
5254,7714222
5255,1799553
5256,3147555
5257,1076372
5258,5925592
5259,2964790
5260,6444412
5261,7758102
5262,5569039
5263,5342131
5264,-691631
5265,3612946
5266,5394309
5267,11392117
5268,2075021
5269,8271003
5270,1925861
5271,448476
5272,11314266
5273,3155143
5274,3638337
5275,12346976
5276,6497031
5277,10680206
5278,1785042
5279,4229013
5280,10381773
5281,-516068
5282,1443758
5283,4978721
5284,1222955
5285,-963587
5286,10740851
5287,6806013
5288,6395370
5289,4031631
5290,8999350
5291,424375
5292,1763026
5293,9972557
5294,12034825
5295,8177748
5296,4244551
5297,6770622
5298,4689859
5299,916789
5300,811570
5301,6515859
5302,3977436
5303,2502798
5304,1329788
5305,3386047
5306,2423085
5307,-439391
5308,2061961
5309,3928861
5310,9545795
5311,5317701
5312,1505848
5313,2203192
5314,2957452
5315,8551713
5316,1960186
5317,2746675
5318,4471931
5319,6490001
5320,9465711
5321,-1748538
5322,5211901
5323,5785430
5324,2867922
5325,5896120
5326,7220420
5327,11026797
5328,10716147
5329,3131258
5330,2913671
5331,7865915
5332,8950328
5333,10973454
5334,5996164
5335,2304490
5336,10629686
5337,4874489
5338,493036
5339,8292973
5340,5796845
5341,5699753
5342,3269512
5343,1960197
5344,4162507
5345,-121578
5346,8216038
5347,6928085
5348,1271818
5349,10877865
5350,10677545
5351,5373950
5352,1278143
5353,2094302
5354,6161794
5355,7966669
5356,7607304
5357,2423589
5358,5769530
5359,5755327
5360,5481780
5361,5361271
5362,603304
5363,2633302
5364,669152
5365,2966008
5366,686706
5367,7111447
5368,11531682
5369,7338259
5370,11594132
5371,1739924
5372,4640507
5373,-685900
5374,9572
5375,9460849
5376,977937
5377,2405241
5378,6513077
5379,3742051
5380,4228383
5381,3499432
5382,-56330
5383,5382816
5384,8554881
5385,2569008
5386,450569
5387,6509108
5388,2468496
5389,5559762
5390,10787300
5391,3667898
5392,-270838
5393,7087510
5394,9838620
5395,295798
5396,-1769144
5397,9826623
5398,83730
5399,1750876
5400,4948045
5401,3287065
5402,5022656
5403,5552425
5404,7799949
5405,8612845
5406,2910825
5407,8831453
5408,4156049
5409,9653282
5410,-65850
5411,6809899
5412,1325617
5413,5493643
5414,8736530
5415,10123602
5416,5752439
5417,-899772
5418,3606436
5419,8527829
5420,875378
5421,635778
5422,2176447
5423,10881481
5424,5676689
5425,6338379
5426,5674333
5427,10804395
5428,4462084
5429,6632451
5430,8976024
5431,6912124
5432,9269632
5433,5905612
5434,7578801
5435,9735094
5436,6802129
5437,-315429
5438,9288555
5439,2397526
5440,2949233
5441,6765920
5442,1147924
5443,1938518
5444,1252695
5445,7089940
5446,7962243
5447,2462374
5448,3149727
5449,6198689
5450,6282374
5451,3329303
5452,4430628
5453,4681530
5454,5791580
5455,1044763
5456,6813085
5457,3899293
5458,6206457
5459,7272595
5460,2264749
5461,9175060
5462,4438490
5463,9067326
5464,1710457
5465,6199431
5466,5723860
5467,-2401988
5468,5335777
5469,3670279
5470,7112376
5471,1804658
5472,6176459
5473,10580299
5474,10597403
5475,1215343
5476,11637040
5477,293812
5478,7449755
5479,4451045
5480,7233459
5481,2695711
5482,6662639
5483,9640819
5484,10062827
5485,4152401
5486,3734735
5487,10387361
5488,11106554
5489,10746758
5490,6013513
5491,1245579
5492,4768851
5493,9583316
5494,7536541
5495,9387788
5496,8601371
5497,6825927
5498,4434509
5499,8615861
5500,4044304
5501,7329696
5502,7674982
5503,2719739
5504,2432517
5505,3953680
5506,2179772
5507,1850257
5508,2493528
5509,12168427
5510,5355367
5511,924504
5512,8585516
5513,8692204
5514,8221253
5515,3165346
5516,5494727
5517,11883223
5518,3524470
5519,3278548
5520,5012441
5521,4904764
5522,7512639
5523,5988994
5524,9830868
5525,2700499
5526,6792096
5527,3594111
5528,5777765
5529,3660099
5530,3468126
5531,8427304
5532,8079364
5533,2321349
5534,11517710
5535,4420735
5536,8253635
5537,6572748
5538,4194575
5539,4875048
5540,2928398
5541,1302456
5542,10699259
5543,8809536
5544,3232027
5545,8929372
5546,5006465
5547,10545192
5548,2853013
5549,3987926
5550,11131235
5551,8480922
5552,5665252
5553,5493170
5554,9981467
5555,1986527
5556,7540182
5557,6947537
5558,6884864
5559,1586108
5560,7566358
5561,3856302
5562,194391
5563,8863213
5564,3443453
5565,5803353
5566,9674580
5567,2834532
5568,10890906
5569,2714006
5570,2496926
5571,1871960
5572,3017636
5573,6781990
5574,10154540
5575,10240461
5576,1577972
5577,7276438
5578,10161675
5579,1961658
5580,7442862
5581,316206
5582,-2157488
5583,3683219
5584,5769624
5585,8331078
5586,1225835
5587,6174015
5588,7947444
5589,-239621
5590,5740997
5591,83038
5592,7390035
5593,1561421
5594,2658627
5595,2121516
5596,7797658
5597,4034898
5598,8610302
5599,-56452
5600,10841418
5601,5548115
5602,4401902
5603,5554019
5604,5556660
5605,11144503
5606,1308705
5607,6446007
5608,5002722
5609,2950503
5610,8699663
5611,4460234
5612,5254696
5613,7860409
5614,-749113
5615,8130820
5616,4978586
5617,2038099
5618,10432093
5619,919149
5620,7317227
5621,6140172
5622,7845735
5623,2125573
5624,9229363
5625,7039202
5626,3050914
5627,281872
5628,1887239
5629,8309315
5630,7663839
5631,1023978
5632,9388567
5633,8605098
5634,3474642
5635,4013836
5636,7154098
5637,5945347
5638,9466342
5639,11367228
5640,8246418
5641,3251961
5642,7475303
5643,10030162
5644,2085969
5645,9460160
5646,1702356
5647,5080382
5648,5730534
5649,8822257
5650,4136242
5651,5362524
5652,5779199
5653,3748093
5654,7003161
5655,2248494
5656,1874026
5657,2655349
5658,4006701
5659,-1516975
5660,8281796
5661,2065668
5662,5377138
5663,580345
5664,6222696
5665,6336766
5666,1042884
5667,6257920
5668,11815395
5669,8227034
5670,7205200
5671,9899894
5672,9065830
5673,7111934
5674,6307228
5675,2669121
5676,7536627
5677,-532059
5678,-628824
5679,8730783
5680,644772
5681,2255219
5682,4968242
5683,4916212
5684,9239538
5685,11244588
5686,3711772
5687,5999911
5688,5300980
5689,8488545
5690,11769160
5691,8182422
5692,2491281
5693,9368069
5694,4092915
5695,7627107
5696,14561439
5697,6811670
5698,9758623
5699,9368367
5700,2293660
5701,952184
5702,9280635
5703,5117548
5704,8147135
5705,2291520
5706,5497429
5707,6631164
5708,14763755
5709,-193022
5710,4094962
5711,6763815
5712,2266465
5713,7179743
5714,6266758
5715,5761684
5716,3365187
5717,8356272
5718,2390472
5719,7468893
5720,-1790796
5721,7485646
5722,12643260
5723,2627003
5724,10445362
5725,1736452
5726,6168591
5727,7344743
5728,5474176
5729,7091519
5730,6892711
5731,3514051
5732,9058263
5733,11166056
5734,2353269
5735,8320641
5736,3350144
5737,2788474
5738,11742478
5739,4420573
5740,3330528
5741,8424370
5742,-155885
5743,2168340
5744,8987357
5745,7291401
5746,5939952
5747,8858370
5748,9161437
5749,8249464
5750,-1006131
5751,9309827
5752,811139
5753,3711333
5754,10916778
5755,4562168
5756,184498
5757,8017474
5758,4476009
5759,5706254
5760,10757244
5761,4042362
5762,-75172
5763,10667378
5764,11367729
5765,5449004
5766,10959474
5767,5599509
5768,2303912
5769,5752440
5770,6097736
5771,5744576
5772,6334840
5773,5976264
5774,5881529
5775,651118
5776,7722478
5777,3818814
5778,9181163
5779,6588338
5780,3572849
5781,-1004970
5782,316911
5783,227561
5784,9578259
5785,2088425
5786,7004557
5787,429625
5788,4048349
5789,5962518
5790,6379838
5791,3065796
5792,78879
5793,5818831
5794,5158223
5795,-1447207
5796,12297751
5797,11826799
5798,6180911
5799,5244431
5800,4524248
5801,-2125373
5802,2300391
5803,295355
5804,9522862
5805,-734084
5806,2167108
5807,8810214
5808,9105217
5809,5598493
5810,9189935
5811,6443827
5812,7671624
5813,1953796
5814,-656200
5815,-1056009
5816,4718223
5817,1744024
5818,3512249
5819,7671786
5820,8650535
5821,8122529
5822,12562908
5823,8635194
5824,8297408
5825,7831376
5826,1177778
5827,4033215
5828,1460680
5829,6951249
5830,5302295
5831,10126018
5832,3501828
5833,3659775
5834,1223494
5835,7871522
5836,3119168
5837,188676
5838,4381491
5839,4530453
5840,5335425
5841,1170632
5842,10001883
5843,1079636
5844,12443670
5845,7964904
5846,10708838
5847,9199591
5848,646954
5849,3903254
5850,1902674
5851,5909903
5852,7918551
5853,5783589
5854,7651180
5855,1107150
5856,6369996
5857,-2915559
5858,1341635
5859,2848537
5860,2880172
5861,6397465
5862,2356824
5863,887555
5864,2742975
5865,6965954
5866,411690
5867,6227949
5868,7930420
5869,-279775
5870,1929292
5871,7088095
5872,359728
5873,7374377
5874,591954
5875,5951578
5876,2401079
5877,5044510
5878,4875562
5879,6329172
5880,1909956
5881,2368891
5882,4592941
5883,3263598
5884,6554846
5885,7874530
5886,3396382
5887,5920107
5888,2412660
5889,4109547
5890,4408323
5891,8838716
5892,5975145
5893,-1202603
5894,11161188
5895,8449845
5896,5844340
5897,8206741
5898,1733858
5899,6142143
5900,3999433
5901,1680334
5902,13056650
5903,-51824
5904,4437597
5905,2077275
5906,7467822
5907,1248340
5908,4617296
5909,-173107
5910,7029010
5911,3112738
5912,12150072
5913,5196841
5914,-331014
5915,5626495
5916,3542065
5917,9016129
5918,6539573
5919,3459820
5920,6765771
5921,-825659
5922,4829898
5923,8484922
5924,6988091
5925,10361215
5926,5178709
5927,3710922
5928,8614775
5929,6133172
5930,309763
5931,9412914
5932,8175816
5933,2104676
5934,4015871
5935,132286
5936,11835731
5937,5847461
5938,-921690
5939,4444198
5940,6310218
5941,5887894
5942,6932488
5943,10361111
5944,4337272
5945,2136728
5946,8885409
5947,5929624
5948,6588269
5949,5959607
5950,7912094
5951,7412825
5952,-1854433
5953,974716
5954,8838958
5955,2486777
5956,2898154
5957,5074489
5958,4764131
5959,4772942
5960,3870806
5961,7082475
5962,11052844
5963,8581178
5964,5573414
5965,9714575
5966,7774229
5967,10035265
5968,1271127
5969,4532034
5970,6061683
5971,1709612
5972,4674110
5973,7834748
5974,3860086
5975,-991913
5976,11074405
5977,2760993
5978,6511793
5979,6366645
5980,7175321
5981,4465422
5982,6819279
5983,3191038
5984,2033089
5985,5183745
5986,5442097
5987,7145216
5988,57167
5989,10654131
5990,269092
5991,8681892
5992,10395949
5993,4359123
5994,7262803
5995,3942169
5996,4277539
5997,6217323
5998,1709701
5999,6405636
6000,5839783
6001,3794890
6002,1827961
6003,10485646
6004,-4272325
6005,3290788
6006,10120406
6007,8861646
6008,5953611
6009,3212947
6010,8602854
6011,8170892
6012,9817884
6013,3236851
6014,6477015
6015,4919672
6016,4135467
6017,8358579
6018,2771675
6019,-719766
6020,66064
6021,11222127
6022,7067178
6023,11933608
6024,4141380
6025,9345086
6026,7032247
6027,5325148
6028,8909049
6029,5354899
6030,852889
6031,4005510
6032,8370236
6033,7252735
6034,6539815
6035,-195336
6036,2244403
6037,4033246
6038,2284142
6039,8601729
6040,6549155
6041,12817701
6042,-79799
6043,6736914
6044,4799059
6045,4605560
6046,2748271
6047,4240467
6048,4159928
6049,4896480
6050,5103726
6051,1666071
6052,2998924
6053,5047495
6054,7627118
6055,2816755
6056,9183447
6057,909160
6058,9652425
6059,10196463
6060,-1619713
6061,11068611
6062,1606925
6063,2474342
6064,9470690
6065,4083583
6066,7527256
6067,1866017
6068,11644102
6069,6175981
6070,7526153
6071,8662979
6072,1960650
6073,2450255
6074,12970982
6075,6187395
6076,11701822
6077,3194970
6078,13631317
6079,8605710
6080,3607197
6081,10839359
6082,4111118
6083,7352883
6084,9789132
6085,5139183
6086,4153572
6087,6717322
6088,10313134
6089,2830408
6090,2194253
6091,6985507
6092,2462108
6093,10957890
6094,8178161
6095,7891631
6096,2668090
6097,9602915
6098,1376103
6099,6877962
6100,2459148
6101,7775672
6102,4232996
6103,6631939
6104,8626967
6105,8616866
6106,4039982
6107,8164456
6108,5106184
6109,7533870
6110,6793217
6111,7696232
6112,6276906
6113,8041416
6114,5445494
6115,7475994
6116,5127107
6117,4524660
6118,3352780
6119,13107738
6120,4913214
6121,7803637
6122,3333137
6123,1792126
6124,6697551
6125,6836582
6126,7345138
6127,-1347399
6128,4366922
6129,2583768
6130,10348706
6131,5350441
6132,7124679
6133,6540838
6134,5204178
6135,7807915
6136,2830713
6137,3536874
6138,2499096
6139,3073709
6140,4545371
6141,1378846
6142,9363010
6143,7729508
6144,3008510
6145,5849155
6146,4028442
6147,4253639
6148,6149950
6149,120274
6150,4781138
6151,9016220
6152,2116777
6153,7867674
6154,3554824
6155,-1103968
6156,3250264
6157,9048374
6158,4427309
6159,-1814177
6160,3760498
6161,8498200
6162,7823324
6163,6654864
6164,6952334
6165,5119154
6166,8820137
6167,5881585
6168,8195631
6169,5945418
6170,7011860
6171,2283683
6172,7341836
6173,9908211
6174,1255870
6175,6741451
6176,1218612
6177,-163792
6178,1423192
6179,4202154
6180,892235
6181,5761462
6182,1768052
6183,1951519
6184,8954191
6185,4658031
6186,8197008
6187,9912770
6188,5598180
6189,2982379
6190,9203569
6191,6581396
6192,11846763
6193,5014535
6194,6242561
6195,1837993
6196,3096637
6197,4235723
6198,2786217
6199,-802840
6200,12067769
6201,3987908
6202,723292
6203,10437024
6204,3815434
6205,4875065
6206,6359808
6207,10786153
6208,5891944
6209,5961716
6210,2243990
6211,246446
6212,7692228
6213,10838502
6214,5339807
6215,4029738
6216,10019402
6217,5681295
6218,11259155
6219,4298383
6220,8769034
6221,8955803
6222,4277821
6223,6517335
6224,5168928
6225,935952
6226,11482727
6227,6905920
6228,6360123
6229,1408547
6230,573111
6231,3701675
6232,1541355
6233,1714264
6234,9798184
6235,10383428
6236,3345225
6237,628988
6238,7106881
6239,10920448
6240,4309587
6241,7116211
6242,6671389
6243,10403918
6244,5587613
6245,7081122
6246,4120733
6247,5119374
6248,9840495
6249,2850203
6250,12060846
6251,6496208
6252,3353114
6253,9142201
6254,4297894
6255,4844028
6256,553643
6257,9998618
6258,3547196
6259,7124079
6260,5647940
6261,5466676
6262,5917862
6263,6395460
6264,11798518
6265,7521040
6266,11685679
6267,414456
6268,8997098
6269,9664887
6270,9345838
6271,9238023
6272,3192503
6273,6946515
6274,4534887
6275,9629173
6276,9326266
6277,1131699
6278,1478573
6279,4160661
6280,-551925
6281,5359609
6282,219753
6283,7691802
6284,5095990
6285,10152288
6286,10677723
6287,3488845
6288,1967352
6289,2205176
6290,3455953
6291,1083498
6292,4839917
6293,4281231
6294,1005067
6295,2423001
6296,5103650
6297,245059
6298,5332315
6299,8807907
6300,3227871
6301,8346144
6302,5335517
6303,5370745
6304,2883306
6305,8215939
6306,2867608
6307,6005456
6308,3663635
6309,8769842
6310,1750396
6311,9485798
6312,728718
6313,6257382
6314,2770432
6315,6035638
6316,7064766
6317,13000106
6318,4389023
6319,4961569
6320,5883302
6321,2451347
6322,4741612
6323,5463312
6324,3877164
6325,3502861
6326,3267050
6327,8366560
6328,4310504
6329,4173844
6330,2419397
6331,7128856
6332,1972247
6333,5068231
6334,-517978
6335,8278449
6336,6491809
6337,1315486
6338,8717181
6339,2767048
6340,6254080
6341,5161095
6342,9608193
6343,4543303
6344,4300447
6345,10565270
6346,-665013
6347,9821070
6348,9064094
6349,4056082
6350,9677995
6351,7001797
6352,5771267
6353,9233125
6354,11372138
6355,1491550
6356,3084738
6357,1731097
6358,4477784
6359,4870801
6360,4905213
6361,11054266
6362,5307235
6363,2313739
6364,-1104915
6365,-837610
6366,10333849
6367,2456841
6368,9809273
6369,1031072
6370,2535834
6371,622915
6372,5241765
6373,13671601
6374,6545000
6375,1944022
6376,5168210
6377,2426599
6378,8950375
6379,4547624
6380,5957000
6381,5935514
6382,7121533
6383,1502661
6384,3112111
6385,6472734
6386,4949493
6387,4611646
6388,5597239
6389,4083070
6390,6769724
6391,4435154
6392,825959
6393,4373065
6394,2656548
6395,2448030
6396,3135454
6397,-683491
6398,3482563
6399,380531
6400,-3381443
6401,1640619
6402,11091371
6403,-2436622
6404,920365
6405,10082210
6406,6940431
6407,9128952
6408,-641298
6409,5978709
6410,8209302
6411,10582764
6412,-249877
6413,2601019
6414,7032636
6415,10643860
6416,434557
6417,3135570
6418,11871145
6419,9177024
6420,4641175
6421,725734
6422,7603359
6423,-1054171
6424,1331199
6425,4254722
6426,12831061
6427,965836
6428,7138936
6429,4549567
6430,9087956
6431,11869427
6432,7980313
6433,10592398
6434,7172020
6435,4444441
6436,9729991
6437,8905632
6438,7680924
6439,6946488
6440,6579063
6441,11240724
6442,2383159
6443,4160205
6444,4301221
6445,3152073
6446,4651431
6447,7658804
6448,4486428
6449,4906918
6450,5971818
6451,8807396
6452,8347562
6453,-189103
6454,5410901
6455,3790910
6456,2363490
6457,7871451
6458,6932841
6459,5636179
6460,5046158
6461,5038162
6462,5059608
6463,4797041
6464,-603610
6465,6600768
6466,5074272
6467,8377231
6468,10172909
6469,3338286
6470,-409504
6471,5221560
6472,3330561
6473,2864534
6474,2965580
6475,4202948
6476,3444029
6477,-607729
6478,4336639
6479,3176956
6480,7924688
6481,-1125067
6482,11999602
6483,8774475
6484,547965
6485,7801541
6486,1042691
6487,4159144
6488,2762629
6489,8331938
6490,2039118
6491,5838170
6492,7290919
6493,2029541
6494,5271933
6495,8686701
6496,954516
6497,7163697
6498,2984719
6499,831093
6500,5558455
6501,4769078
6502,5060366
6503,11328816
6504,4363987
6505,2657871
6506,4107985
6507,10259457
6508,1238235
6509,9639652
6510,11101625
6511,7381104
6512,-2172035
6513,3045730
6514,4556807
6515,4725494
6516,8359666
6517,286771
6518,6901267
6519,-2901208
6520,1477552
6521,36556
6522,8256273
6523,4951000
6524,589119
6525,5608129
6526,3130415
6527,7029806
6528,8613015
6529,3359138
6530,12236341
6531,3633548
6532,3745999
6533,9512574
6534,1973836
6535,5092005
6536,2025459
6537,777495
6538,5147636
6539,10994284
6540,12169971
6541,8287514
6542,5399409
6543,4789546
6544,1663495
6545,6377601
6546,6948233
6547,10140277
6548,-2176961
6549,502489
6550,8114996
6551,9577921
6552,-284691
6553,6914972
6554,5000768
6555,1930682
6556,7345808
6557,9651772
6558,12730018
6559,4433740
6560,6514579
6561,7043146
6562,4232247
6563,428927
6564,5268521
6565,1078626
6566,-1051860
6567,8961934
6568,8957949
6569,6710811
6570,1578976
6571,5534505
6572,7141120
6573,7199472
6574,1684966
6575,5897019
6576,14332431
6577,10183335
6578,3457374
6579,12580240
6580,3796654
6581,8444870
6582,5281334
6583,4050040
6584,5759874
6585,7552603
6586,9757185
6587,8074178
6588,11425602
6589,3212991
6590,-2469630
6591,3615871
6592,907196
6593,10179603
6594,13501536
6595,15362108
6596,1055126
6597,8170515
6598,-776128
6599,2999897
6600,-1045750
6601,6898819
6602,3939918
6603,9960064
6604,3442362
6605,7519198
6606,-871682
6607,4762791
6608,4377268
6609,7288857
6610,10498749
6611,-1269563
6612,3744237
6613,8703560
6614,5435943
6615,9277677
6616,2294766
6617,2281676
6618,4186746
6619,3294442
6620,2614558
6621,5754582
6622,5999674
6623,2659131
6624,6748539
6625,5198088
6626,10586739
6627,746792
6628,8115002
6629,8955742
6630,4370358
6631,5640461
6632,7677951
6633,7188195
6634,7852519
6635,4819826
6636,3920192
6637,3300107
6638,9340418
6639,2917854
6640,8602965
6641,8747208
6642,2623044
6643,10352072
6644,1044586
6645,2724952
6646,3498073
6647,2877100
6648,3805057
6649,9084561
6650,6208664
6651,7794757
6652,2104256
6653,3416945
6654,6460168
6655,12587659
6656,7140093
6657,1090577
6658,6515671
6659,2585046
6660,5999258
6661,7710399
6662,872146
6663,10438481
6664,1973655
6665,8982697
6666,-202014
6667,7778345
6668,6821146
6669,6970904
6670,9303583
6671,10609211
6672,2160667
6673,8099772
6674,296243
6675,3995176
6676,6349563
6677,4854355
6678,3768017
6679,2465974
6680,8348209
6681,6872513
6682,3530763
6683,10008851
6684,7426025
6685,10158617
6686,3348068
6687,1399340
6688,2246754
6689,14841142
6690,158223
6691,304348
6692,5944307
6693,4083226
6694,12278502
6695,9519396
6696,7473495
6697,1974481
6698,715606
6699,2260060
6700,-2758193
6701,9567975
6702,10001876
6703,5533291
6704,10136557
6705,10523969
6706,2510181
6707,4382864
6708,1840699
6709,11070206
6710,7678242
6711,7371978
6712,922317
6713,1571082
6714,6566043
6715,5232527
6716,10219445
6717,7238673
6718,10016718
6719,4986955
6720,3832723
6721,5789856
6722,7681449
6723,6183698
6724,6123521
6725,4227684
6726,3944039
6727,3987094
6728,10600499
6729,5095063
6730,8475799
6731,2404985
6732,7438812
6733,11311776
6734,10504554
6735,312785
6736,3161493
6737,8530213
6738,6701156
6739,9387605
6740,4341991
6741,6532406
6742,8952840
6743,6837545
6744,5776540
6745,10517418
6746,9353044
6747,7157348
6748,2948154
6749,9605167
6750,6329427
6751,5571817
6752,6373314
6753,4152279
6754,2660740
6755,-1139466
6756,7322031
6757,7849454
6758,4253857
6759,6796648
6760,9815644
6761,4191049
6762,1137702
6763,3976929
6764,4256657
6765,302006
6766,7805071
6767,9261791
6768,6552017
6769,3992794
6770,-754200
6771,2768310
6772,1519279
6773,2426623
6774,4240108
6775,1732569
6776,9219367
6777,1937732
6778,2101731
6779,8063858
6780,1904914
6781,9789996
6782,5431109
6783,8718651
6784,4986111
6785,6593262
6786,7431732
6787,11134514
6788,930628
6789,-1283958
6790,6161271
6791,9008540
6792,6099891
6793,7776579
6794,3466654
6795,12238484
6796,1433221
6797,5192623
6798,2512704
6799,11680010
6800,11788895
6801,2980050
6802,4866363
6803,1511345
6804,5136728
6805,449804
6806,10487108
6807,5711043
6808,10513100
6809,8982573
6810,1131303
6811,8282624
6812,5091452
6813,3445363
6814,6987301
6815,5630217
6816,4884750
6817,7991641
6818,6739474
6819,11931472
6820,8679038
6821,2394030
6822,4735728
6823,2674537
6824,5548931
6825,4901596
6826,3138581
6827,4706648
6828,10828221
6829,9313635
6830,3226925
6831,3562195
6832,-268911
6833,9676159
6834,8382510
6835,3757288
6836,448592
6837,10004548
6838,2272947
6839,5776193
6840,4345731
6841,8123111
6842,8557495
6843,6671402
6844,5038158
6845,5895336
6846,7126205
6847,10995160
6848,11664767
6849,8576427
6850,10981778
6851,2484068
6852,6073578
6853,8189242
6854,1005927
6855,6126698
6856,1219921
6857,4027188
6858,7913486
6859,9030130
6860,5059976
6861,6372639
6862,3315307
6863,-858168
6864,12059161
6865,10219051
6866,7628979
6867,4006984
6868,-1136364
6869,9066459
6870,2286316
6871,4611998
6872,7617132
6873,6186976
6874,-715855
6875,5031792
6876,8464605
6877,4519285
6878,2363920
6879,3275577
6880,6989520
6881,5865294
6882,1118809
6883,11024198
6884,6871713
6885,6251467
6886,8116591
6887,10906806
6888,7419882
6889,6379038
6890,8288564
6891,1369977
6892,7810131
6893,2549440
6894,10371284
6895,9453937
6896,11044345
6897,7645489
6898,5751810
6899,7102078
6900,2772859
6901,-380736
6902,5597651
6903,1221949
6904,3640319
6905,6361584
6906,11023159
6907,3846739
6908,9790934
6909,6112028
6910,4100283
6911,9369681
6912,3220087
6913,1397354
6914,7476234
6915,5475599
6916,3052423
6917,9856032
6918,5771353
6919,2630435
6920,9123301
6921,8027676
6922,3585393
6923,9863341
6924,7520801
6925,9068926
6926,10545043
6927,2372487
6928,3380146
6929,-432708
6930,3971892
6931,8858724
6932,2787816
6933,7123452
6934,2771289
6935,5316425
6936,6357702
6937,10330843
6938,-2804878
6939,2311797
6940,4344104
6941,2961564
6942,4387871
6943,6864320
6944,3363464
6945,3162842
6946,2682776
6947,3091830
6948,3534686
6949,7182520
6950,6102450
6951,7832630
6952,5891488
6953,7173833
6954,5530939
6955,10359799
6956,10743796
6957,2128760
6958,4141840
6959,3976087
6960,996401
6961,7340244
6962,3642138
6963,7135946
6964,1235900
6965,791429
6966,9480875
6967,5409769
6968,5687803
6969,7475915
6970,9661723
6971,7871974
6972,3481335
6973,7657777
6974,7591879
6975,9696837
6976,2061633
6977,6816930
6978,6452477
6979,-277046
6980,5066475
6981,-1291864
6982,1427815
6983,5315649
6984,4392116
6985,9939979
6986,5855964
6987,2425693
6988,3474437
6989,10241498
6990,7008208
6991,-2863662
6992,11365698
6993,1013029
6994,7525653
6995,2203265
6996,8531107
6997,4343286
6998,3254550
6999,3046281
7000,-2252776
7001,5753420
7002,11856340
7003,1249804
7004,10137691
7005,-2899314
7006,3934179
7007,7821504
7008,3990192
7009,12611643
7010,6561786
7011,11054210
7012,11587996
7013,3088463
7014,-404511
7015,1057443
7016,3124430
7017,2942954
7018,-1387758
7019,2816711
7020,11432416
7021,2625312
7022,5045605
7023,3747808
7024,3629526
7025,8642822
7026,7201315
7027,4584878
7028,5823465
7029,5687214
7030,4407181
7031,8148571
7032,2219423
7033,5850821
7034,2894098
7035,653866
7036,9315986
7037,9406414
7038,3169518
7039,2691174
7040,3190278
7041,8806305
7042,4945299
7043,10588424
7044,8598380
7045,6379822
7046,8817641
7047,8639317
7048,11334665
7049,13797503
7050,2581369
7051,6035163
7052,4118743
7053,4151183
7054,1086921
7055,9953407
7056,-285478
7057,658876
7058,7746454
7059,9480808
7060,6002781
7061,2103006
7062,8357766
7063,1690265
7064,8830626
7065,7357915
7066,11132410
7067,2997179
7068,8628489
7069,6379934
7070,-1264797
7071,8650007
7072,1297600
7073,-1554579
7074,2036330
7075,9692112
7076,6814350
7077,157371
7078,6028127
7079,3142237
7080,6078881
7081,9750208
7082,1970922
7083,4982455
7084,10747638
7085,3085015
7086,5809955
7087,6760435
7088,1480585
7089,-703094
7090,2621981
7091,1521392
7092,1343921
7093,-1388662
7094,4908404
7095,3056977
7096,-1662720
7097,9216269
7098,7717863
7099,757740
7100,8939780
7101,-432775
7102,3279652
7103,2585646
7104,5411961
7105,10042253
7106,2894154
7107,9574256
7108,3310430
7109,5036927
7110,5039875
7111,4170186
7112,9717045
7113,1780883
7114,6835188
7115,6043575
7116,7556503
7117,8020091
7118,6595655
7119,8269749
7120,5664324
7121,1886394
7122,2713484
7123,4418090
7124,4742504
7125,6553791
7126,8307132
7127,2555080
7128,3194628
7129,1813942
7130,7752491
7131,8552511
7132,7842636
7133,8421833
7134,6018117
7135,1968388
7136,3101596
7137,2096248
7138,7275754
7139,3854196
7140,12643610
7141,4574313
7142,6577932
7143,9487441
7144,5632240
7145,8046635
7146,2931886
7147,3612785
7148,9633678
7149,4593171
7150,9663400
7151,9126569
7152,6594632
7153,6287550
7154,-96648
7155,5642900
7156,7252273
7157,8360663
7158,5372505
7159,10241726
7160,4825848
7161,1613017
7162,7348594
7163,13125467
7164,1076773
7165,4828929
7166,7829752
7167,7607816
7168,5474705
7169,3744699
7170,8614266
7171,6073654
7172,6569885
7173,8461540
7174,2198898
7175,7652491
7176,3397247
7177,2357355
7178,-305666
7179,5772921
7180,3720917
7181,978135
7182,5818228
7183,8069705
7184,4739553
7185,5090182
7186,540872
7187,10548013
7188,5541980
7189,1644675
7190,1332132
7191,10523051
7192,10873406
7193,5681485
7194,5079652
7195,8368556
7196,6999613
7197,-34887
7198,2472191
7199,-1429656
7200,11042053
7201,3907041
7202,8370289
7203,1914806
7204,2518544
7205,9693675
7206,8282658
7207,9433116
7208,2483004
7209,3976893
7210,1303497
7211,2943051
7212,4137102
7213,8116556
7214,3394712
7215,11727131
7216,8588070
7217,5841224
7218,10394686
7219,7395466
7220,5003036
7221,7258642
7222,1843697
7223,11696201
7224,11821288
7225,6242280
7226,6484867
7227,2669239
7228,1222274
7229,1011872
7230,4749336
7231,5642934
7232,1768227
7233,4909759
7234,4790078
7235,5708957
7236,-467003
7237,12916450
7238,7901981
7239,883764
7240,6362874
7241,7679331
7242,5849599
7243,4997178
7244,4104857
7245,1208048
7246,361088
7247,1350913
7248,6702891
7249,5935490
7250,4870594
7251,4603020
7252,4914113
7253,5286750
7254,5135006
7255,9779794
7256,5771276
7257,7776471
7258,2619407
7259,5212244
7260,5544978
7261,1828193
7262,5671937
7263,1550064
7264,8197344
7265,-560552
7266,10027291
7267,6333004
7268,9430832
7269,6474965
7270,2205757
7271,7171160
7272,9909695
7273,5352148
7274,-520844
7275,4628352
7276,3305366
7277,1254317
7278,4896169
7279,-1685920
7280,3107341
7281,10718741
7282,1523462
7283,5538440
7284,7021915
7285,961655
7286,1099339
7287,7375598
7288,9526967
7289,2007961
7290,3320847
7291,14234545
7292,3954331
7293,5526690
7294,8412362
7295,4711007
7296,13209295
7297,-215161
7298,3811275
7299,1798538
7300,5132780
7301,2661630
7302,5670687
7303,5535752
7304,8140329
7305,1204192
7306,5001530
7307,2582639
7308,10722803
7309,6456060
7310,6637578
7311,9457567
7312,8463021
7313,1586189
7314,6750738
7315,6544770
7316,12715801
7317,13475561
7318,2958255
7319,7066428
7320,11329953
7321,4164627
7322,242169
7323,11328299
7324,7764604
7325,8500712
7326,9276427
7327,4747401
7328,4899625
7329,6440535
7330,5395620
7331,13727979
7332,1440778
7333,9149416
7334,9847811
7335,1019056
7336,299887
7337,5681158
7338,10208605
7339,-286379
7340,8134428
7341,4517131
7342,6286161
7343,7569902
7344,4655315
7345,4399101
7346,3207793
7347,3108664
7348,8964190
7349,9691059
7350,5152606
7351,7592540
7352,9971211
7353,2666040
7354,12064187
7355,3169510
7356,5008876
7357,3393182
7358,2938639
7359,2737539
7360,5611455
7361,737287
7362,-286582
7363,8856357
7364,7326879
7365,2783922
7366,5510577
7367,7387264
7368,11441420
7369,9558811
7370,2806685
7371,7081378
7372,7909187
7373,6624877
7374,9710394
7375,4442676
7376,6469287
7377,522594
7378,7618795
7379,5179772
7380,7654202
7381,1414929
7382,1681291
7383,6455844
7384,2665484
7385,5968984
7386,7309555
7387,3814760
7388,3791306
7389,1420033
7390,9045459
7391,2230961
7392,5084295
7393,5890482
7394,10413049
7395,2317295
7396,6240458
7397,11789893
7398,10012648
7399,4908375
7400,1557185
7401,4411099
7402,6845643
7403,5530778
7404,10268160
7405,8092435
7406,3667582
7407,6217442
7408,4564047
7409,4383835
7410,2572125
7411,-506296
7412,8342906
7413,11809035
7414,4077178
7415,6789954
7416,3274322
7417,8175233
7418,11370651
7419,4835785
7420,3336037
7421,-2215396
7422,4962704
7423,5477633
7424,5731141
7425,7924882
7426,5644484
7427,3420038
7428,10278042
7429,7320310
7430,1403603
7431,8459921
7432,12357273
7433,-1288331
7434,2694618
7435,11533762
7436,1210066
7437,10463940
7438,2926638
7439,5415093
7440,3921928
7441,7410723
7442,3070910
7443,5724514
7444,5676519
7445,8193080
7446,7367076
7447,2659462
7448,4293372
7449,9969861
7450,3516742
7451,203859
7452,-4342597
7453,9871558
7454,5441611
7455,4294900
7456,6040902
7457,5530639
7458,7117622
7459,7583662
7460,7396758
7461,2104009
7462,8478972
7463,3384567
7464,1674933
7465,5848993
7466,3436025
7467,4202314
7468,13021676
7469,7695467
7470,11167159
7471,7957106
7472,4925469
7473,5253727
7474,5243782
7475,1972035
7476,6932130
7477,5730574
7478,1215413
7479,2000345
7480,2287923
7481,5854561
7482,10929671
7483,-704383
7484,6681957
7485,4830379
7486,6670401
7487,3416071
7488,8136075
7489,6823439
7490,-1584931
7491,5904399
7492,3300861
7493,8896111
7494,4360711
7495,5101164
7496,233777
7497,7372272
7498,8073020
7499,546967
7500,7197925
7501,145186
7502,4284019
7503,8508989
7504,11571217
7505,5957966
7506,10877745
7507,9815092
7508,227538
7509,1943022
7510,7728151
7511,5210031
7512,2569355
7513,10223265
7514,8176423
7515,9091797
7516,7414707
7517,4822015
7518,11197428
7519,9593245
7520,3995717
7521,5807136
7522,7765192
7523,4252504
7524,6228750
7525,11256335
7526,3456208
7527,5865866
7528,2618456
7529,2473957
7530,9670397
7531,10893285
7532,7249833
7533,8968898
7534,4171293
7535,8228008
7536,7474579
7537,9654924
7538,4286341
7539,3264117
7540,3481275
7541,12187801
7542,3475713
7543,10385159
7544,6183939
7545,1052538
7546,10882231
7547,7798247
7548,5095060
7549,2501728
7550,2653301
7551,6984255
7552,1562302
7553,3568485
7554,6879280
7555,9512884
7556,10629042
7557,2238952
7558,-319412
7559,6485089
7560,233987
7561,3462136
7562,8713539
7563,8267647
7564,8283231
7565,2402202
7566,7028198
7567,-796070
7568,12671424
7569,6841840
7570,7196855
7571,4410690
7572,4206586
7573,6093168
7574,1167221
7575,3052200
7576,-2975903
7577,3841080
7578,245782
7579,1564697
7580,5768616
7581,6931634
7582,3490456
7583,8649459
7584,4435693
7585,2109555
7586,3382511
7587,1135615
7588,3044651
7589,5996519
7590,6368797
7591,10643743
7592,4226937
7593,1320475
7594,554320
7595,-298879
7596,8036579
7597,6963448
7598,7279599
7599,1044057
7600,7701954
7601,2041100
7602,3894479
7603,3372667
7604,3228328
7605,-1004688
7606,1718530
7607,5267534
7608,10167936
7609,8811890
7610,7782122
7611,7786927
7612,5961847
7613,8553274
7614,3238498
7615,2774445
7616,7643077
7617,982953
7618,3348382
7619,5266019
7620,-1143630
7621,9690354
7622,3891689
7623,2683487
7624,6293668
7625,6576442
7626,797464
7627,5439414
7628,7581905
7629,4574265
7630,9274350
7631,7700311
7632,9857141
7633,5522530
7634,10614239
7635,794467
7636,6208948
7637,-883315
7638,7952746
7639,4259324
7640,5967384
7641,3519005
7642,6643869
7643,4430765
7644,3042978
7645,10836319
7646,8390976
7647,10422965
7648,5475775
7649,9896342
7650,3687747
7651,2065329
7652,9515231
7653,394849
7654,1409453
7655,52016
7656,4412368
7657,6645815
7658,3423411
7659,7963930
7660,10160408
7661,3981620
7662,2442093
7663,10922299
7664,9348618
7665,3090277
7666,9349606
7667,1526925
7668,5061625
7669,-1341873
7670,1383564
7671,-2342195
7672,11152752
7673,1444072
7674,4256850
7675,5418023
7676,2311738
7677,3694357
7678,1022078
7679,3780577
7680,1074817
7681,7204541
7682,7915142
7683,4057715
7684,-440499
7685,2198334
7686,6914963
7687,2086388
7688,8013162
7689,6075109
7690,1626458
7691,5413793
7692,5198396
7693,2423298
7694,63634
7695,7737849
7696,2417102
7697,6954654
7698,6503404
7699,3122253
7700,4326616
7701,7673216
7702,3560781
7703,3380080
7704,8019154
7705,8723723
7706,2942796
7707,4568092
7708,2838217
7709,7588806
7710,1149034
7711,1144219
7712,7747397
7713,2781574
7714,7757950
7715,4903748
7716,2038841
7717,6667602
7718,5744255
7719,8218518
7720,6449280
7721,2494341
7722,10236367
7723,5465730
7724,-2495942
7725,3687938
7726,10298036
7727,6113045
7728,10027779
7729,7445116
7730,9688767
7731,4716165
7732,3423981
7733,454893
7734,11068517
7735,8734486
7736,7193143
7737,684126
7738,5263211
7739,8195718
7740,4514992
7741,10674322
7742,12782644
7743,2763003
7744,4828793
7745,6657251
7746,3795630
7747,-2689167
7748,4680973
7749,-968258
7750,1443829
7751,-24317
7752,-1020891
7753,3910211
7754,9649317
7755,6387195
7756,3013808
7757,7390989
7758,9703374
7759,7126508
7760,5445528
7761,6253972
7762,1015111
7763,2498141
7764,8801472
7765,6407979
7766,2827523
7767,9605235
7768,4889077
7769,8185310
7770,5710114
7771,-809689
7772,8115658
7773,2891678
7774,4017830
7775,1102176
7776,6259053
7777,7567735
7778,4025587
7779,2433549
7780,6995760
7781,6100818
7782,2877931
7783,9850239
7784,6669578
7785,5640393
7786,6214856
7787,5721590
7788,4370724
7789,9720694
7790,1217477
7791,4392881
7792,5544565
7793,3984321
7794,7024055
7795,7666458
7796,6787047
7797,6499319
7798,4174650
7799,2812140
7800,7383097
7801,6681778
7802,-761991
7803,5798111
7804,1071076
7805,3505192
7806,3002941
7807,7905289
7808,9554101
7809,11135623
7810,6250277
7811,4818215
7812,14553151
7813,5027050
7814,3910847
7815,6634321
7816,8295777
7817,12617357
7818,9719407
7819,5771
7820,3666335
7821,3634908
7822,7796740
7823,4397514
7824,9626935
7825,1464327
7826,2675295
7827,4503866
7828,7327705
7829,8880389
7830,4563914
7831,4265158
7832,4047947
7833,6844171
7834,7147884
7835,11112163
7836,7385439
7837,77333
7838,6015004
7839,4668989
7840,5712205
7841,7298853
7842,7672506
7843,1510575
7844,2335914
7845,4732478
7846,8469520
7847,-430900
7848,4570550
7849,7095422
7850,11882456
7851,7699458
7852,2808637
7853,6761455
7854,2464706
7855,6645163
7856,1632949
7857,2171113
7858,9656570
7859,197404
7860,6291808
7861,8635047
7862,8619552
7863,8956302
7864,2141466
7865,64707
7866,12326098
7867,9422400
7868,7066589
7869,-1954864
7870,1428352
7871,9173262
7872,2961424
7873,7742501
7874,7615789
7875,2048173
7876,2442637
7877,5849157
7878,9692678
7879,6826733
7880,7586045
7881,4215650
7882,4347255
7883,4139303
7884,7409561
7885,4388128
7886,9537204
7887,3089420
7888,9993541
7889,8501735
7890,9856511
7891,4269570
7892,1702866
7893,7790874
7894,833917
7895,2360214
7896,4431848
7897,8014645
7898,5484818
7899,2234383
7900,9965953
7901,3847420
7902,1214418
7903,3097262
7904,1884042
7905,4504095
7906,8059160
7907,4573081
7908,7818733
7909,9853646
7910,7586488
7911,9077146
7912,8553106
7913,1540809
7914,3142293
7915,6964762
7916,11653898
7917,4808955
7918,9792208
7919,5379583
7920,11169118
7921,4463180
7922,5062521
7923,10682374
7924,6140229
7925,3841226
7926,625808
7927,6480074
7928,330725
7929,10595409
7930,6776660
7931,3241935
7932,13822287
7933,7480040
7934,8978215
7935,12134876
7936,5335314
7937,2761053
7938,8638683
7939,2798922
7940,2374551
7941,9579069
7942,5820349
7943,813115
7944,4268015
7945,2613876
7946,6072970
7947,6648528
7948,9825007
7949,8424459
7950,2596411
7951,8312348
7952,8638489
7953,379121
7954,7569952
7955,10663371
7956,6204116
7957,6644448
7958,6073763
7959,2312730
7960,1224860
7961,1054269
7962,7022818
7963,1617771
7964,6045116
7965,11171001
7966,3501506
7967,6678052
7968,5329045
7969,7774199
7970,10148804
7971,9426555
7972,707942
7973,5001957
7974,10784343
7975,1674856
7976,10777124
7977,1071892
7978,8181923
7979,10205037
7980,1345897
7981,3051534
7982,-291837
7983,3893554
7984,8484487
7985,3691955
7986,8473303
7987,5919533
7988,5974733
7989,8871480
7990,10857373
7991,4282231
7992,7368275
7993,6382450
7994,2426502
7995,7689264
7996,6194609
7997,4181591
7998,8879712
7999,5986467
8000,617802
8001,3087095
8002,8916779
8003,10824725
8004,2959886
8005,5724068
8006,3811153
8007,4400000
8008,8256147
8009,5640177
8010,3443899
8011,2325350
8012,-248976
8013,8399853
8014,5219047
8015,5168447
8016,2259080
8017,-1484736
8018,4052580
8019,11323963
8020,3708376
8021,3867503
8022,5268552
8023,7909671
8024,3885491
8025,2580841
8026,5576984
8027,7874764
8028,7781959
8029,635238
8030,4777884
8031,6493395
8032,4912606
8033,5784569
8034,7394827
8035,8619610
8036,4327639
8037,7946509
8038,-130000
8039,2738268
8040,4341104
8041,6701704
8042,9738751
8043,5779506
8044,5232630
8045,4991107
8046,-995999
8047,12449208
8048,8436909
8049,9460075
8050,29127
8051,3322220
8052,6924233
8053,12591839
8054,12751187
8055,1146007
8056,2555462
8057,-618048
8058,4602775
8059,-1409702
8060,12045798
8061,12120629
8062,1099542
8063,4649669
8064,2184883
8065,5366159
8066,4254910
8067,7926045
8068,5959522
8069,6552024
8070,7765816
8071,-370194
8072,7760341
8073,2786903
8074,2127292
8075,8397106
8076,9891269
8077,5778891
8078,10127572
8079,5314271
8080,6252111
8081,2692145
8082,4840560
8083,7515046
8084,8593251
8085,11636448
8086,4340251
8087,7692832
8088,11897982
8089,2281160
8090,6541054
8091,791925
8092,210011
8093,12555428
8094,7152398
8095,3934168
8096,8307642
8097,9254460
8098,8474879
8099,978052
8100,4182985
8101,8431013
8102,6828369
8103,1691153
8104,4099133
8105,10996148
8106,6981568
8107,1406904
8108,6377930
8109,3981632
8110,13019401
8111,12015465
8112,7966682
8113,3896770
8114,7338871
8115,7405135
8116,4418801
8117,720228
8118,10248061
8119,5174235
8120,2335681
8121,3633230
8122,8371851
8123,8299787
8124,11683107
8125,641462
8126,4752187
8127,5118885
8128,3114345
8129,8898557
8130,12363873
8131,2622283
8132,3955936
8133,-365697
8134,6854410
8135,6955300
8136,7875041
8137,7121282
8138,2899267
8139,2547157
8140,8671506
8141,2116368
8142,4998520
8143,1387822
8144,9875965
8145,5211026
8146,3745949
8147,-43254
8148,4305395
8149,5831110
8150,8912134
8151,5429855
8152,243879
8153,411835
8154,4717902
8155,5365594
8156,3272453
8157,-986825
8158,8998414
8159,-129524
8160,6886472
8161,10279814
8162,506536
8163,11275007
8164,5446532
8165,4019337
8166,1720994
8167,6406777
8168,12168190
8169,6575713
8170,2542869
8171,-1229455
8172,9380195
8173,-800921
8174,1044400
8175,-1392699
8176,8115911
8177,6864086
8178,10337904
8179,2596303
8180,5975669
8181,5753907
8182,7622789
8183,5085167
8184,5125161
8185,3970181
8186,3137325
8187,6228894
8188,3931434
8189,6149451
8190,2682303
8191,2326866
8192,6474150
8193,11394628
8194,1906624
8195,3868137
8196,5567448
8197,4239612
8198,3239869
8199,3685436
8200,1339877
8201,3667994
8202,7484159
8203,11311010
8204,6329186
8205,6224773
8206,3597875
8207,3737385
8208,9235190
8209,9137751
8210,1947210
8211,5629590
8212,10156074
8213,3871825
8214,7812942
8215,4236834
8216,10139279
8217,149229
8218,9320377
8219,10911115
8220,3924507
8221,2920783
8222,4649719
8223,5123036
8224,11510310
8225,3200768
8226,2851287
8227,-216820
8228,9492552
8229,8479230
8230,9957621
8231,7832787
8232,7246815
8233,2291856
8234,6643480
8235,7137149
8236,7429190
8237,4143762
8238,3004326
8239,2380803
8240,4218105
8241,4919252
8242,7331271
8243,5009620
8244,2192341
8245,10076044
8246,8242876
8247,7473235
8248,3750929
8249,5633380
8250,8833126
8251,5858074
8252,375997
8253,5589294
8254,69332
8255,5005390
8256,3490548
8257,5819781
8258,7662169
8259,1120781
8260,7872299
8261,1973626
8262,6422797
8263,949438
8264,7040178
8265,1528867
8266,-69245
8267,8976785
8268,7525991
8269,4429948
8270,5401197
8271,7006383
8272,-858570
8273,7300605
8274,3867329
8275,8395171
8276,10581788
8277,6938658
8278,-1969392
8279,6012939
8280,10143657
8281,785430
8282,8919024
8283,7057576
8284,4143661
8285,7429457
8286,3471999
8287,5827648
8288,4199160
8289,657903
8290,8267653
8291,2928852
8292,5496256
8293,10958278
8294,7455579
8295,2838618
8296,5991635
8297,-1252130
8298,7309597
8299,165739
8300,-318157
8301,9496495
8302,522178
8303,669309
8304,8872588
8305,3587394
8306,9748006
8307,9863454
8308,5941819
8309,1103167
8310,10106100
8311,4066595
8312,9493854
8313,1371514
8314,4762425
8315,9513062
8316,1796615
8317,3014234
8318,6479074
8319,7152962
8320,8212851
8321,8126712
8322,5902692
8323,1312723
8324,166809
8325,3606234
8326,8815862
8327,1671700
8328,8775563
8329,11134913
8330,7077497
8331,1270958
8332,5201560
8333,3606513
8334,8962374
8335,6506648
8336,701184
8337,9061260
8338,3568575
8339,7326095
8340,7647335
8341,5628105
8342,10589143
8343,1703198
8344,4146063
8345,1341989
8346,3827011
8347,7805849
8348,842043
8349,-227183
8350,5991748
8351,5563975
8352,5629451
8353,5737478
8354,3439360
8355,9387231
8356,2818878
8357,635436
8358,914220
8359,10764918
8360,3138903
8361,14585942
8362,6106397
8363,6281173
8364,7373475
8365,2692815
8366,5360113
8367,2939887
8368,3114214
8369,6579167
8370,900336
8371,3701997
8372,6026081
8373,13024824
8374,7110755
8375,5157393
8376,7141616
8377,10963282
8378,2647874
8379,11367668
8380,3563920
8381,3843067
8382,8611848
8383,7458036
8384,7455516
8385,4045299
8386,1562159
8387,5427263
8388,4959041
8389,4509572
8390,7636890
8391,8804110
8392,9814032
8393,11168754
8394,3120111
8395,7657564
8396,10222657
8397,3932023
8398,5067005
8399,3486525
8400,5540606
8401,4003075
8402,2988676
8403,-4674051
8404,10068161
8405,3385800
8406,8461053
8407,6441112
8408,8153210
8409,6633394
8410,3002796
8411,9954817
8412,12620389
8413,9118882
8414,9468253
8415,3869204
8416,2598800
8417,3975942
8418,6920867
8419,3838805
8420,10998891
8421,6531923
8422,6831218
8423,8529941
8424,2071245
8425,5958843
8426,2292875
8427,2710250
8428,7620455
8429,3818381
8430,3678553
8431,4293314
8432,9653680
8433,5098780
8434,3851860
8435,3324086
8436,6522049
8437,8578307
8438,6209951
8439,-530675
8440,8230507
8441,6745289
8442,6620538
8443,7061016
8444,4386865
8445,5790560
8446,4373197
8447,2558721
8448,3088064
8449,5270374
8450,9237507
8451,1342453
8452,8288277
8453,2706669
8454,-2133777
8455,5006768
8456,6448237
8457,1268148
8458,1287235
8459,9010305
8460,3955234
8461,601415
8462,7862787
8463,3359807
8464,8970939
8465,4445725
8466,828366
8467,5231725
8468,2488224
8469,4171232
8470,3972868
8471,911265
8472,9292058
8473,6511536
8474,5961414
8475,-1164616
8476,2749580
8477,9860744
8478,12346102
8479,7368302
8480,3465903
8481,6505589
8482,4616617
8483,9458928
8484,-972340
8485,10614870
8486,8614105
8487,1916536
8488,5643787
8489,10207960
8490,3911236
8491,3108289
8492,3520469
8493,1554635
8494,1941740
8495,711203
8496,370224
8497,7797792
8498,2457777
8499,3105803
8500,6910963
8501,8238078
8502,3203871
8503,6959555
8504,8921832
8505,7280586
8506,10980685
8507,6773005
8508,1083387
8509,8420163
8510,8389554
8511,1342429
8512,1433803
8513,7180677
8514,5343585
8515,12584221
8516,10219476
8517,403070
8518,4568366
8519,7833211
8520,8966356
8521,3852998
8522,-38194
8523,1665187
8524,9200910
8525,6391805
8526,3123396
8527,6958113
8528,708489
8529,3611774
8530,5762556
8531,593954
8532,-2492104
8533,6740346
8534,9411993
8535,3679685
8536,11639646
8537,3516488
8538,-649185
8539,12678561
8540,962026
8541,3003717
8542,5022459
8543,3493257
8544,1190641
8545,6892335
8546,4466046
8547,2458371
8548,8746923
8549,5214364
8550,7183111
8551,7619218
8552,5115542
8553,5289001
8554,5994391
8555,3609335
8556,5094301
8557,6242687
8558,3719730
8559,9666951
8560,2838395
8561,3494232
8562,8741010
8563,-561773
8564,2568400
8565,4393352
8566,7193369
8567,1802537
8568,13551142
8569,2325679
8570,4198968
8571,8873345
8572,4125322
8573,7681200
8574,2298290
8575,9279246
8576,7596783
8577,13637241
8578,1851498
8579,11534740
8580,8467812
8581,9037660
8582,10039871
8583,409923
8584,3090230
8585,-97904
8586,2961673
8587,6841441
8588,6057512
8589,6577173
8590,4854821
8591,11312127
8592,6906654
8593,5135974
8594,9146045
8595,3608936
8596,7656056
8597,4064557
8598,8358158
8599,9171876
8600,9547343
8601,397750
8602,5491082
8603,6053524
8604,8523603
8605,3705438
8606,2307848
8607,11523055
8608,5380782
8609,6691835
8610,7850122
8611,-410019
8612,1600981
8613,7901104
8614,6470287
8615,10504560
8616,9665634
8617,6546999
8618,-1267336
8619,1687096
8620,2894101
8621,4175408
8622,4029101
8623,4004819
8624,1716037
8625,6261133
8626,11214841
8627,6412518
8628,3502910
8629,2983023
8630,4397969
8631,7044421
8632,1080121
8633,650708
8634,6894268
8635,6682707
8636,8056617
8637,1152645
8638,6703926
8639,3271882
8640,7495672
8641,7210890
8642,6008346
8643,1423561
8644,4337623
8645,4120988
8646,4319047
8647,4027839
8648,4934044
8649,4171825
8650,4887516
8651,1711245
8652,1412697
8653,5885566
8654,9356181
8655,864345
8656,8160182
8657,9879607
8658,55283
8659,11080497
8660,6936733
8661,10051575
8662,3653242
8663,3684793
8664,6964486
8665,-1686395
8666,3420591
8667,11327234
8668,10150482
8669,5905117
8670,1256642
8671,8132729
8672,2345506
8673,12804611
8674,3560902
8675,4162046
8676,8164363
8677,5814861
8678,14702132
8679,6952850
8680,-2164973
8681,9681294
8682,2753829
8683,10776218
8684,9074946
8685,3330559
8686,4623157
8687,1386519
8688,6863648
8689,10750868
8690,825735
8691,9331475
8692,9932957
8693,4933144
8694,8862736
8695,4381877
8696,8878976
8697,6763269
8698,2420594
8699,2825153
8700,1025212
8701,9765032
8702,11270458
8703,5044538
8704,6219770
8705,629061
8706,6887805
8707,7614853
8708,13486812
8709,4046052
8710,6343876
8711,6236776
8712,6489646
8713,7704238
8714,1389351
8715,8582032
8716,1992139
8717,3552135
8718,6879959
8719,3666666
8720,6648987
8721,-152887
8722,5179672
8723,3336364
8724,6560321
8725,5395954
8726,-57208
8727,11819896
8728,1690343
8729,8628963
8730,8075026
8731,3138040
8732,9630652
8733,-673791
8734,10413348
8735,2591685
8736,-1270979
8737,132731
8738,9940167
8739,6974235
8740,11596874
8741,3064335
8742,6996030
8743,822540
8744,9488508
8745,9445709
8746,5273765
8747,603554
8748,9336223
8749,10964640
8750,1271660
8751,8550966
8752,6789048
8753,5232561
8754,2757584
8755,-578472
8756,12793419
8757,10276841
8758,4055906
8759,5873697
8760,4696668
8761,10790801
8762,3679106
8763,7852068
8764,3555265
8765,-137280
8766,6089649
8767,-1812354
8768,10177504
8769,8611425
8770,7925180
8771,3765107
8772,-564079
8773,9903820
8774,8722858
8775,3332069
8776,6974083
8777,7527817
8778,5345518
8779,-517526
8780,8182075
8781,5755322
8782,7419991
8783,10618599
8784,6293807
8785,5004138
8786,5210317
8787,4570663
8788,9200946
8789,1385024
8790,6358800
8791,2771614
8792,5485104
8793,1530810
8794,731955
8795,-277323
8796,1222081
8797,9220666
8798,8805683
8799,9184145
8800,5400488
8801,6695766
8802,10331018
8803,5986538
8804,2939046
8805,1657506
8806,5878146
8807,3498165
8808,-106984
8809,1971867
8810,6758525
8811,7089081
8812,6810184
8813,3859224
8814,12235908
8815,1980212
8816,3658739
8817,2294848
8818,4838481
8819,6240752
8820,4477240
8821,8148349
8822,8440864
8823,4764664
8824,5320518
8825,838773
8826,6480462
8827,2655042
8828,6369924
8829,7794882
8830,3362514
8831,1325758
8832,1965909
8833,5787033
8834,7762831
8835,1578363
8836,2458905
8837,4345709
8838,4256589
8839,4103517
8840,10149990
8841,2339016
8842,7830302
8843,4334408
8844,1551895
8845,10877326
8846,3524169
8847,1330932
8848,3053138
8849,8406552
8850,3548557
8851,944206
8852,8737649
8853,11553034
8854,8219313
8855,3949715
8856,3779060
8857,5185678
8858,85381
8859,2881368
8860,2909257
8861,6268656
8862,8692814
8863,4819400
8864,7921402
8865,9870273
8866,11787223
8867,4938278
8868,11882770
8869,4538204
8870,3943265
8871,6632021
8872,5044122
8873,3082102
8874,7643547
8875,6291259
8876,6556692
8877,2428264
8878,2178740
8879,3629699
8880,5677877
8881,7598265
8882,5089921
8883,3565340
8884,7963320
8885,2302761
8886,5399093
8887,9715298
8888,5995625
8889,9541613
8890,5944531
8891,-331210
8892,11911069
8893,404402
8894,2478471
8895,2216656
8896,11798309
8897,7305457
8898,9431304
8899,7776619
8900,7080728
8901,7284343
8902,7855942
8903,10710369
8904,8516489
8905,5193165
8906,8265381
8907,5044226
8908,8252412
8909,3556578
8910,7577268
8911,2680228
8912,1307439
8913,8880083
8914,12638083
8915,5181755
8916,9295636
8917,11503948
8918,11342560
8919,4005346
8920,4402484
8921,256847
8922,5442330
8923,5121671
8924,9818268
8925,6504951
8926,5180896
8927,7719746
8928,1812198
8929,10891760
8930,2817888
8931,7190797
8932,8600171
8933,2149789
8934,5740197
8935,8436016
8936,3465881
8937,8051941
8938,6462313
8939,1834648
8940,13178858
8941,3552414
8942,8798121
8943,-479135
8944,3077883
8945,8877157
8946,7186756
8947,4621220
8948,3839417
8949,9574628
8950,6114514
8951,10340065
8952,4208117
8953,8677873
8954,1598014
8955,2921544
8956,1560146
8957,7453390
8958,5734406
8959,9514156
8960,9770473
8961,2190868
8962,10225489
8963,13018949
8964,781924
8965,6390414
8966,9243678
8967,8837440
8968,-2487937
8969,-737946
8970,8938716
8971,6744339
8972,-1097921
8973,7725192
8974,7318843
8975,5206565
8976,-8048
8977,448138
8978,4036196
8979,1411772
8980,-2559147
8981,9996856
8982,2792103
8983,5629918
8984,6061250
8985,10711361
8986,4206032
8987,7094810
8988,7602332
8989,-422879
8990,4491472
8991,938199
8992,7944344
8993,1888437
8994,5359270
8995,3347113
8996,3777636
8997,518908
8998,7174640
8999,8754679
9000,8189380
9001,4289758
9002,3207447
9003,5686891
9004,7914716
9005,7258895
9006,1362691
9007,2576989
9008,6654392
9009,4240784
9010,8633381
9011,4104165
9012,3907217
9013,2456442
9014,3336730
9015,2593827
9016,10901240
9017,9694442
9018,3281291
9019,7870347
9020,10033334
9021,-1893737
9022,6711702
9023,3887323
9024,6191117
9025,5522092
9026,4687265
9027,4307655
9028,1664058
9029,10755934
9030,2163506
9031,4806385
9032,-592653
9033,10540973
9034,1064286
9035,7272426
9036,5999404
9037,10164053
9038,1925432
9039,11631848
9040,2554996
9041,7031157
9042,7551570
9043,5516617
9044,12346130
9045,8315787
9046,9140204
9047,-1892762
9048,5156008
9049,3413343
9050,5090249
9051,10495915
9052,4408781
9053,9059193
9054,4169837
9055,4557569
9056,7064083
9057,5374448
9058,10203619
9059,2193824
9060,8066285
9061,1338363
9062,8150613
9063,2529060
9064,11624501
9065,3345904
9066,4559636
9067,4566370
9068,7166162
9069,2866761
9070,9645768
9071,4763957
9072,-1274683
9073,4931629
9074,-292126
9075,8680131
9076,4306055
9077,3748618
9078,6428189
9079,6385913
9080,4863633
9081,6266881
9082,1409693
9083,4181678
9084,9399708
9085,6980216
9086,5087718
9087,8641343
9088,2843241
9089,-21141
9090,4251001
9091,11161344
9092,7095692
9093,6831025
9094,4281994
9095,143687
9096,4377794
9097,5416213
9098,3841798
9099,8938693
9100,3817663
9101,9981036
9102,10546570
9103,5488265
9104,4432970
9105,3826237
9106,6786398
9107,7206786
9108,3827549
9109,11570855
9110,7481352
9111,8188021
9112,8591138
9113,4355565
9114,6163256
9115,10154305
9116,3643487
9117,4062098
9118,4947923
9119,4731725
9120,5378003
9121,2771558
9122,7548990
9123,7636883
9124,-444925
9125,10215836
9126,9969185
9127,-1654770
9128,7010898
9129,8688100
9130,4989486
9131,9024582
9132,2960711
9133,-246893
9134,1754073
9135,10565481
9136,8987840
9137,7259484
9138,396989
9139,5167692
9140,6902894
9141,11678849
9142,3033874
9143,-1244961
9144,3168248
9145,3665049
9146,598729
9147,8816342
9148,811291
9149,7016759
9150,7613615
9151,4600144
9152,729265
9153,4873322
9154,3482962
9155,7934351
9156,10338210
9157,7905779
9158,6065982
9159,8197247
9160,405294
9161,5148010
9162,1549447
9163,6137118
9164,1413173
9165,974725
9166,7648379
9167,5070947
9168,9871196
9169,-1139468
9170,4427879
9171,3855518
9172,11072389
9173,10146451
9174,9675889
9175,4396203
9176,6561637
9177,1680428
9178,7373666
9179,1208010
9180,5303719
9181,3116264
9182,3786735
9183,4982080
9184,2320352
9185,4473041
9186,2065560
9187,7738453
9188,7728921
9189,8844989
9190,12427400
9191,7161959
9192,2446622
9193,6106718
9194,6455048
9195,8495203
9196,2924239
9197,7391698
9198,661817
9199,6180062
9200,5781532
9201,2078155
9202,3923584
9203,9037402
9204,5777949
9205,6300874
9206,10121685
9207,1178918
9208,8715972
9209,10352123
9210,8041604
9211,802454
9212,3241645
9213,9391791
9214,6614436
9215,9127792
9216,1712221
9217,6479776
9218,4320596
9219,13017071
9220,1337804
9221,8139496
9222,10104540
9223,3755529
9224,3174269
9225,204807
9226,-555899
9227,12041618
9228,5991516
9229,3755798
9230,7850321
9231,3953645
9232,8572225
9233,7666164
9234,-1307565
9235,170661
9236,9822839
9237,7096215
9238,5561242
9239,7485922
9240,9218513
9241,7181710
9242,-1632854
9243,5386633
9244,4254832
9245,1147923
9246,-215277
9247,2123675
9248,11885042
9249,8365684
9250,2925934
9251,9866499
9252,13467280
9253,6760496
9254,9210851
9255,4302449
9256,2499119
9257,8768147
9258,6077251
9259,2608898
9260,9490499
9261,11990326
9262,6406792
9263,3205401
9264,6852197
9265,10126149
9266,7342016
9267,-697301
9268,3999104
9269,8881196
9270,6659381
9271,6756615
9272,3565870
9273,5639197
9274,5819942
9275,3581614
9276,9890697
9277,2139820
9278,7552397
9279,4519646
9280,9570765
9281,8841025
9282,4152210
9283,6243796
9284,8505923
9285,2394719
9286,840587
9287,4237431
9288,10354712
9289,3658503
9290,6128867
9291,6731907
9292,3320037
9293,6832975
9294,4916621
9295,9049274
9296,11310580
9297,2899722
9298,1902344
9299,9041347
9300,2849707
9301,4861717
9302,2252502
9303,10803439
9304,5680715
9305,8782322
9306,10615181
9307,3525146
9308,10483484
9309,5210552
9310,6075082
9311,4987586
9312,5834047
9313,2523530
9314,4817642
9315,7516507
9316,455683
9317,10192069
9318,5893006
9319,3615040
9320,5472852
9321,7481558
9322,1350908
9323,5525269
9324,7833625
9325,9860284
9326,8350478
9327,5182332
9328,2779210
9329,1894696
9330,8421117
9331,10514084
9332,3733988
9333,11100897
9334,6407150
9335,11652443
9336,8569711
9337,5780206
9338,9076635
9339,9095372
9340,7071739
9341,11042181
9342,10688854
9343,6926007
9344,2017073
9345,9890731
9346,3820983
9347,4197194
9348,5949129
9349,2555008
9350,7126728
9351,7915678
9352,10382532
9353,5279276
9354,7223279
9355,19652
9356,1711016
9357,4705302
9358,1388048
9359,4281740
9360,6567105
9361,4892375
9362,11947339
9363,2019539
9364,7998110
9365,4384992
9366,1729988
9367,3135704
9368,3667800
9369,2660498
9370,6085456
9371,8255452
9372,2280573
9373,6029824
9374,4466792
9375,4377371
9376,8485740
9377,2650043
9378,9093531
9379,6255904
9380,-1670436
9381,9817468
9382,1253049
9383,13516807
9384,4890339
9385,10058745
9386,8357570
9387,4435706
9388,8244827
9389,8294356
9390,-840829
9391,9636691
9392,9806569
9393,8085905
9394,6105208
9395,6765056
9396,-256157
9397,3687732
9398,7499126
9399,1828035
9400,1762294
9401,2721103
9402,8507816
9403,5435900
9404,4231740
9405,9041075
9406,-158894
9407,1845520
9408,9670644
9409,6352463
9410,11104302
9411,11837734
9412,6610516
9413,8862656
9414,3885604
9415,3911437
9416,11851837
9417,8924158
9418,1301090
9419,-593692
9420,-717
9421,8521293
9422,6735096
9423,3814985
9424,6089972
9425,8180859
9426,12172822
9427,8062535
9428,9608529
9429,392978
9430,9077435
9431,2509929
9432,3069720
9433,8066021
9434,7044631
9435,9891741
9436,4812724
9437,1703874
9438,9603303
9439,9533274
9440,15014651
9441,8557343
9442,97893
9443,3232943
9444,7135737
9445,-524209
9446,10843797
9447,973007
9448,7903368
9449,5274070
9450,2681333
9451,5291037
9452,832347
9453,10938547
9454,1701342
9455,10794613
9456,-82392
9457,338345
9458,5454949
9459,8352770
9460,7268690
9461,3569854
9462,5603874
9463,2114277
9464,6092730
9465,8499386
9466,-187946
9467,10235606
9468,7921880
9469,6537480
9470,2567933
9471,12705534
9472,1417778
9473,6085143
9474,2496277
9475,3833169
9476,4098788
9477,1267005
9478,-743348
9479,8057619
9480,5075209
9481,4724996
9482,10343314
9483,9303386
9484,1312007
9485,4809707
9486,4255756
9487,2952415
9488,7782688
9489,3039135
9490,5904555
9491,9451218
9492,234008
9493,5954757
9494,8616407
9495,4813232
9496,-61763
9497,-1343717
9498,3024893
9499,5161855
9500,4191417
9501,4253578
9502,3869924
9503,6421644
9504,5242281
9505,821643
9506,18287622
9507,7810634
9508,4601537
9509,3844960
9510,3875763
9511,2723758
9512,6516601
9513,1183032
9514,9320989
9515,3437760
9516,2548612
9517,3515417
9518,6737134
9519,8326270
9520,10250366
9521,9483996
9522,6207370
9523,3118825
9524,7955361
9525,-2259928
9526,1374097
9527,11775459
9528,8766823
9529,674659
9530,-1382815
9531,7690774
9532,3224628
9533,5500971
9534,-555391
9535,4746205
9536,9397033
9537,5942494
9538,7358353
9539,6631528
9540,3449998
9541,4302783
9542,12269069
9543,6429163
9544,4338553
9545,5255280
9546,8768160
9547,2138504
9548,11879935
9549,10481624
9550,3702829
9551,1909137
9552,-1463555
9553,8432079
9554,5419022
9555,4809903
9556,1903516
9557,6032760
9558,9493069
9559,918925
9560,740066
9561,8171601
9562,3027256
9563,5033130
9564,7154249
9565,12850102
9566,8026256
9567,8479100
9568,4934665
9569,8217164
9570,1361415
9571,1882514
9572,10489823
9573,3349904
9574,4217943
9575,10558550
9576,2251088
9577,2289007
9578,5485208
9579,7335461
9580,8705160
9581,4449362
9582,6300710
9583,6592580
9584,9906175
9585,4860726
9586,3177360
9587,3855240
9588,7776560
9589,2346016
9590,2502129
9591,4040580
9592,8310228
9593,2361576
9594,7212790
9595,11548588
9596,6089152
9597,7798106
9598,10855773
9599,8265852
9600,4535346
9601,2766903
9602,12987330
9603,1778371
9604,6029384
9605,4425314
9606,11783788
9607,3004792
9608,11792890
9609,9596732
9610,7937907
9611,12195989
9612,2278483
9613,9550917
9614,-1273044
9615,8620860
9616,1683501
9617,3087760
9618,9614044
9619,6171139
9620,-1943203
9621,6414033
9622,8033290
9623,7921234
9624,2798323
9625,2685663
9626,7194211
9627,7743806
9628,9312257
9629,-485904
9630,10336177
9631,5638997
9632,6247250
9633,-563620
9634,1775606
9635,1181498
9636,3962052
9637,4793657
9638,7006030
9639,2387261
9640,8265634
9641,12538048
9642,-302655
9643,5216694
9644,3504172
9645,4745132
9646,2768341
9647,6336033
9648,10454188
9649,805329
9650,5779739
9651,4391176
9652,6084961
9653,3884207
9654,9787986
9655,7622541
9656,5836390
9657,4667473
9658,6569920
9659,6523552
9660,8898271
9661,620001
9662,9846705
9663,1869829
9664,1952579
9665,1038175
9666,1094080
9667,835897
9668,3031527
9669,7385159
9670,9179648
9671,3734169
9672,6962703
9673,8649597
9674,3056993
9675,2556032
9676,7508928
9677,1217183
9678,8021432
9679,2907712
9680,9476642
9681,7900464
9682,7653171
9683,9648179
9684,3921105
9685,4921152
9686,3364881
9687,4208632
9688,9568677
9689,2690802
9690,12055942
9691,952362
9692,457084
9693,-1960517
9694,3963647
9695,4061710
9696,8011064
9697,2428381
9698,7735594
9699,686775
9700,10966994
9701,5165409
9702,-391485
9703,4585663
9704,7465729
9705,2956901
9706,5607613
9707,5192193
9708,8320169
9709,2877783
9710,1022225
9711,12871553
9712,4918190
9713,2360457
9714,3674013
9715,3559783
9716,-504289
9717,5483665
9718,2773442
9719,10415600
9720,1414462
9721,8622432
9722,2597278
9723,6990970
9724,11566609
9725,11283000
9726,9037451
9727,3458203
9728,2412841
9729,4681551
9730,2066590
9731,5538357
9732,4932115
9733,7680142
9734,9136028
9735,3984537
9736,8376052
9737,3572846
9738,4084314
9739,6180283
9740,2359333
9741,3890532
9742,7264885
9743,1945371
9744,4582600
9745,10207629
9746,441073
9747,2164286
9748,529341
9749,11266242
9750,10097979
9751,3909168
9752,9941023
9753,1410999
9754,2848782
9755,13486812
9756,4630410
9757,7766065
9758,4514137
9759,5797613
9760,2543298
9761,-486903
9762,5579985
9763,3212810
9764,10391715
9765,1647671
9766,4946515
9767,7166718
9768,3970407
9769,10584808
9770,7404580
9771,12740567
9772,11250868
9773,7140885
9774,4509925
9775,8159380
9776,2507296
9777,7823806
9778,9840468
9779,8256827
9780,4341629
9781,3477237
9782,5602715
9783,56180
9784,6838182
9785,-445327
9786,10079376
9787,5090542
9788,1777447
9789,1031345
9790,6308404
9791,2959893
9792,6536221
9793,10174255
9794,1228241
9795,9627584
9796,-785959
9797,804538
9798,3054394
9799,5664854
9800,7232759
9801,1888381
9802,4470990
9803,1627372
9804,9599437
9805,6707198
9806,8935120
9807,9769965
9808,9542870
9809,6364914
9810,4223030
9811,4737112
9812,9552440
9813,1040432
9814,4614440
9815,5975117
9816,3226845
9817,9152566
9818,3507469
9819,9685237
9820,6817934
9821,3813273
9822,3077918
9823,5175410
9824,12104781
9825,8633448
9826,-797867
9827,11792073
9828,7424501
9829,3679801
9830,8140590
9831,4803775
9832,5131874
9833,6788531
9834,10175741
9835,1256349
9836,8485783
9837,9885493
9838,5624308
9839,3000909
9840,7041635
9841,5830202
9842,1817942
9843,1398484
9844,7768943
9845,2694659
9846,10191086
9847,8040631
9848,10818941
9849,6206782
9850,7786075
9851,6695866
9852,4633696
9853,4342353
9854,8951692
9855,8067938
9856,5886829
9857,2512255
9858,5100642
9859,9871834
9860,8966471
9861,7228310
9862,8259264
9863,10164746
9864,8169991
9865,1679179
9866,3795133
9867,10598240
9868,4519481
9869,10339430
9870,4069875
9871,5273766
9872,3071029
9873,6587900
9874,9590067
9875,661816
9876,5452704
9877,1177632
9878,6706808
9879,4089696
9880,11208405
9881,6312364
9882,6730593
9883,12012174
9884,-1130400
9885,4488102
9886,8628920
9887,5979862
9888,11698236
9889,4636232
9890,12323676
9891,4585790
9892,8832252
9893,9490264
9894,8203986
9895,2989359
9896,7403843
9897,3182478
9898,9204740
9899,8028159
9900,10146682
9901,-982221
9902,7060692
9903,523033
9904,3405447
9905,5066666
9906,2988497
9907,-899951
9908,10942056
9909,3069626
9910,3234436
9911,8743563
9912,4437279
9913,9209790
9914,1755216
9915,9348877
9916,3827389
9917,-705056
9918,7722906
9919,5963956
9920,4899085
9921,2843586
9922,8786935
9923,9162232
9924,7837989
9925,382352
9926,2107184
9927,5917492
9928,3252798
9929,1146723
9930,6540330
9931,8650092
9932,9513789
9933,8018790
9934,10794905
9935,5655249
9936,7680991
9937,-534149
9938,2350413
9939,2741980
9940,725006
9941,2679227
9942,10359630
9943,9813150
9944,7614861
9945,2272916
9946,6730295
9947,9520996
9948,10998359
9949,3255426
9950,7534852
9951,6804118
9952,10254901
9953,4185841
9954,5539967
9955,7177245
9956,2036853
9957,9439892
9958,12011346
9959,6626123
9960,-3237477
9961,5505884
9962,8697145
9963,8070383
9964,8951690
9965,2246778
9966,4184431
9967,9086414
9968,686510
9969,4288505
9970,2716490
9971,3954615
9972,1065663
9973,4094308
9974,6067503
9975,3169696
9976,7041053
9977,5950303
9978,7599834
9979,3492982
9980,8095458
9981,5478885
9982,8228549
9983,4304694
9984,2047995
9985,7791335
9986,4730721
9987,8025953
9988,12272460
9989,6260921
9990,7910141
9991,-1923827
9992,1757662
9993,9296942
9994,12220343
9995,9035639
9996,4324840
9997,1694130
9998,3827558
9999,5827884
